-- phpMyAdmin SQL Dump
-- version 4.4.15.10
-- https://www.phpmyadmin.net
--
-- Host: localhost
-- Generation Time: Jul 21, 2025 at 07:29 PM
-- Server version: 5.7.23
-- PHP Version: 5.4.16

SET SQL_MODE = "NO_AUTO_VALUE_ON_ZERO";
SET time_zone = "+00:00";


/*!40101 SET @OLD_CHARACTER_SET_CLIENT=@@CHARACTER_SET_CLIENT */;
/*!40101 SET @OLD_CHARACTER_SET_RESULTS=@@CHARACTER_SET_RESULTS */;
/*!40101 SET @OLD_COLLATION_CONNECTION=@@COLLATION_CONNECTION */;
/*!40101 SET NAMES utf8mb4 */;

--
-- Database: `FP_AIRLINES`
--
CREATE DATABASE IF NOT EXISTS `FP_AIRLINES` DEFAULT CHARACTER SET latin1 COLLATE latin1_swedish_ci;
USE `FP_AIRLINES`;

-- --------------------------------------------------------

--
-- Table structure for table `FP_Airlines`
--

DROP TABLE IF EXISTS `FP_Airlines`;
CREATE TABLE IF NOT EXISTS `FP_Airlines` (
  `AirlinesID` int(11) NOT NULL,
  `Airlines` varchar(50) DEFAULT NULL
) ENGINE=InnoDB AUTO_INCREMENT=5 DEFAULT CHARSET=latin1;

--
-- Dumping data for table `FP_Airlines`
--

INSERT INTO `FP_Airlines` (`AirlinesID`, `Airlines`) VALUES
(1, 'Delta'),
(2, 'American'),
(3, 'Southwest'),
(4, 'Alaska');

-- --------------------------------------------------------

--
-- Table structure for table `FP_Airport`
--

DROP TABLE IF EXISTS `FP_Airport`;
CREATE TABLE IF NOT EXISTS `FP_Airport` (
  `AirportID` int(11) NOT NULL,
  `AirportName` varchar(100) DEFAULT NULL,
  `CityID` int(11) DEFAULT NULL
) ENGINE=InnoDB AUTO_INCREMENT=16 DEFAULT CHARSET=latin1;

--
-- Dumping data for table `FP_Airport`
--

INSERT INTO `FP_Airport` (`AirportID`, `AirportName`, `CityID`) VALUES
(1, 'SFO', 1),
(2, 'OAK', 1),
(3, 'LAX', 2),
(4, 'BUR', 2),
(5, 'JFK', 3),
(6, 'LGA', 3),
(7, 'MDW', 4),
(8, 'ORD', 4),
(9, 'IAH', 5),
(10, 'HOU', 5),
(11, 'DAL', 6),
(12, 'DFW', 6),
(13, 'LAS ', 7),
(14, 'SEA', 8),
(15, 'MIA', 9);

-- --------------------------------------------------------

--
-- Table structure for table `FP_Booking`
--

DROP TABLE IF EXISTS `FP_Booking`;
CREATE TABLE IF NOT EXISTS `FP_Booking` (
  `BookingID` int(11) NOT NULL,
  `BookingDate` date DEFAULT NULL,
  `BookingPrice` decimal(7,2) DEFAULT NULL,
  `CustomerID` int(11) DEFAULT NULL,
  `FlightID` int(11) DEFAULT NULL
) ENGINE=InnoDB AUTO_INCREMENT=2011 DEFAULT CHARSET=latin1;

--
-- Dumping data for table `FP_Booking`
--

INSERT INTO `FP_Booking` (`BookingID`, `BookingDate`, `BookingPrice`, `CustomerID`, `FlightID`) VALUES
(1, '2016-01-02', 1519.87, 34, 1),
(2, '2016-01-05', 1242.41, 30, 1),
(3, '2016-01-08', 1402.42, 88, 1),
(4, '2016-01-11', 1686.34, 28, 1),
(5, '2016-01-15', 1291.74, 34, 1),
(6, '2016-01-16', 1640.83, 20, 1),
(7, '2016-01-18', 1378.47, 43, 2),
(8, '2016-01-21', 1512.98, 68, 2),
(9, '2016-01-22', 767.17, 69, 2),
(10, '2016-01-22', 1604.92, 59, 2),
(11, '2016-01-27', 1093.13, 46, 2),
(12, '2016-01-29', 1128.62, 68, 2),
(13, '2016-01-30', 1628.05, 3, 2),
(14, '2016-02-01', 1000.26, 54, 3),
(15, '2016-02-03', 1656.36, 71, 3),
(16, '2016-02-04', 1528.75, 24, 3),
(17, '2016-02-07', 777.66, 36, 3),
(18, '2016-02-10', 1505.48, 69, 3),
(19, '2016-02-11', 1560.13, 9, 3),
(20, '2016-02-15', 1757.84, 2, 3),
(21, '2016-02-22', 927.90, 28, 4),
(22, '2016-02-23', 1031.98, 22, 4),
(23, '2016-02-25', 1183.89, 7, 4),
(24, '2016-02-27', 1084.75, 63, 4),
(25, '2016-03-02', 1744.45, 41, 4),
(26, '2016-03-03', 1475.17, 19, 4),
(27, '2016-03-05', 750.79, 96, 5),
(28, '2016-03-05', 1361.69, 31, 5),
(29, '2016-03-11', 1223.05, 59, 5),
(30, '2016-03-16', 1338.45, 91, 5),
(31, '2016-03-16', 1763.42, 16, 5),
(32, '2016-03-17', 735.32, 43, 5),
(33, '2016-03-17', 1372.91, 8, 5),
(34, '2016-03-18', 1505.13, 13, 5),
(35, '2016-03-22', 1363.27, 84, 5),
(36, '2016-03-27', 1427.60, 58, 6),
(37, '2016-03-28', 1148.92, 74, 6),
(38, '2016-03-29', 1682.76, 9, 6),
(39, '2016-04-01', 1709.89, 78, 6),
(40, '2016-04-05', 1471.37, 97, 6),
(41, '2016-04-07', 1703.44, 4, 6),
(42, '2016-04-07', 1358.55, 88, 6),
(43, '2016-04-07', 1181.35, 26, 6),
(44, '2016-04-18', 1508.83, 63, 7),
(45, '2016-04-19', 1689.33, 59, 7),
(46, '2016-04-20', 1594.65, 81, 7),
(47, '2016-04-22', 1533.11, 26, 7),
(48, '2016-04-24', 1514.13, 48, 7),
(49, '2016-04-26', 1649.78, 99, 7),
(50, '2016-04-28', 1098.22, 86, 7),
(51, '2016-04-29', 1615.32, 58, 7),
(52, '2016-04-29', 1554.47, 68, 7),
(53, '2016-05-03', 1031.68, 67, 8),
(54, '2016-05-04', 760.23, 91, 8),
(55, '2016-05-05', 1524.70, 88, 8),
(56, '2016-05-09', 1358.65, 94, 8),
(57, '2016-05-11', 1642.61, 98, 8),
(58, '2016-05-18', 993.89, 56, 8),
(59, '2016-05-22', 1512.62, 99, 8),
(60, '2016-05-22', 1538.05, 51, 9),
(61, '2016-05-23', 725.30, 14, 9),
(62, '2016-05-23', 1246.61, 21, 9),
(63, '2016-05-26', 1528.30, 12, 9),
(64, '2016-05-27', 746.34, 90, 9),
(65, '2016-06-04', 834.98, 47, 9),
(66, '2016-06-04', 961.76, 12, 9),
(67, '2016-06-07', 1201.36, 61, 9),
(68, '2016-06-08', 1246.12, 19, 9),
(69, '2016-06-09', 953.89, 34, 9),
(70, '2016-06-11', 1288.90, 18, 10),
(71, '2016-06-12', 1346.36, 83, 10),
(72, '2016-06-13', 1352.99, 82, 10),
(73, '2016-06-14', 1301.92, 56, 10),
(74, '2016-06-14', 1017.56, 7, 10),
(75, '2016-06-18', 1502.73, 24, 10),
(76, '2016-06-19', 1535.65, 39, 10),
(77, '2016-06-25', 1416.58, 47, 10),
(78, '2016-07-01', 1579.74, 36, 11),
(79, '2016-07-04', 823.61, 30, 12),
(80, '2016-07-06', 1569.15, 29, 12),
(81, '2016-07-10', 1598.57, 3, 12),
(82, '2016-07-11', 1238.10, 33, 12),
(83, '2016-07-12', 1185.79, 69, 12),
(84, '2016-07-13', 752.06, 36, 13),
(85, '2016-07-14', 984.47, 13, 13),
(86, '2016-07-20', 1059.17, 59, 13),
(87, '2016-07-23', 1148.09, 17, 13),
(88, '2016-07-28', 817.59, 22, 13),
(89, '2016-07-29', 1357.51, 13, 14),
(90, '2016-08-01', 1018.28, 5, 14),
(91, '2016-08-06', 1769.31, 12, 14),
(92, '2016-08-06', 1549.95, 63, 14),
(93, '2016-08-07', 731.90, 40, 14),
(94, '2016-08-10', 1163.88, 12, 15),
(95, '2016-08-13', 1583.96, 34, 15),
(96, '2016-08-15', 1306.37, 65, 16),
(97, '2016-08-16', 714.78, 48, 16),
(98, '2016-08-17', 1796.85, 38, 16),
(99, '2016-08-22', 1155.33, 67, 16),
(100, '2016-08-22', 1187.96, 14, 16),
(101, '2016-08-24', 1502.32, 79, 16),
(102, '2016-08-27', 1729.61, 96, 16),
(103, '2016-08-31', 1598.96, 3, 16),
(104, '2016-09-01', 1512.83, 11, 17),
(105, '2016-09-05', 1141.63, 21, 17),
(106, '2016-09-08', 913.67, 84, 17),
(107, '2016-09-18', 955.51, 61, 17),
(108, '2016-09-20', 1161.86, 45, 17),
(109, '2016-09-22', 1423.87, 9, 17),
(110, '2016-09-24', 880.91, 20, 17),
(111, '2016-09-25', 1609.13, 57, 17),
(112, '2016-09-29', 926.73, 26, 17),
(113, '2016-09-29', 1140.72, 36, 17),
(114, '2016-10-06', 1797.05, 55, 18),
(115, '2016-10-06', 990.30, 73, 18),
(116, '2016-10-10', 1530.67, 82, 18),
(117, '2016-10-13', 1473.17, 27, 18),
(118, '2016-10-17', 1392.86, 100, 18),
(119, '2016-10-21', 1306.05, 25, 18),
(120, '2016-10-23', 896.84, 79, 19),
(121, '2016-10-24', 1746.48, 36, 19),
(122, '2016-10-24', 1163.50, 44, 19),
(123, '2016-10-25', 1268.31, 91, 20),
(124, '2016-10-26', 930.50, 53, 20),
(125, '2016-10-28', 1099.25, 73, 20),
(126, '2016-10-29', 1228.79, 63, 21),
(127, '2016-11-01', 1281.79, 87, 21),
(128, '2016-11-01', 826.14, 43, 21),
(129, '2016-11-03', 1046.53, 22, 21),
(130, '2016-11-08', 957.76, 4, 21),
(131, '2016-11-09', 1293.23, 42, 22),
(132, '2016-11-10', 1202.72, 79, 22),
(133, '2016-11-11', 1042.46, 22, 22),
(134, '2016-11-16', 1373.12, 38, 22),
(135, '2016-11-17', 1199.13, 12, 23),
(136, '2016-11-17', 702.35, 66, 23),
(137, '2016-11-21', 1556.31, 67, 23),
(138, '2016-11-23', 1517.91, 95, 23),
(139, '2016-11-24', 1143.34, 92, 23),
(140, '2016-11-24', 744.03, 56, 24),
(141, '2016-11-26', 1302.17, 2, 24),
(142, '2016-11-26', 744.93, 42, 24),
(143, '2016-11-27', 1784.44, 75, 24),
(144, '2016-11-29', 930.55, 20, 24),
(145, '2016-12-01', 1152.53, 85, 24),
(146, '2016-12-04', 1122.72, 61, 25),
(147, '2016-12-04', 1681.81, 84, 25),
(148, '2016-12-05', 753.46, 12, 25),
(149, '2016-12-05', 1002.73, 89, 25),
(150, '2016-12-11', 1424.40, 59, 25),
(151, '2016-12-14', 1547.37, 24, 26),
(152, '2016-12-18', 1583.73, 44, 26),
(153, '2016-12-22', 1008.02, 14, 26),
(154, '2017-01-05', 1281.37, 99, 26),
(155, '2017-01-06', 822.00, 10, 26),
(156, '2017-01-06', 1463.44, 77, 27),
(157, '2017-01-06', 1494.54, 98, 27),
(158, '2017-01-07', 1617.89, 34, 27),
(159, '2017-01-08', 1786.69, 72, 27),
(160, '2017-01-14', 1076.65, 3, 27),
(161, '2017-01-27', 1693.94, 50, 28),
(162, '2017-01-30', 1280.04, 74, 28),
(163, '2017-01-31', 1470.90, 42, 28),
(164, '2017-02-01', 824.94, 31, 28),
(165, '2017-02-04', 1744.13, 74, 28),
(166, '2017-02-06', 1187.25, 50, 28),
(167, '2017-02-07', 1785.75, 45, 28),
(168, '2017-02-07', 1734.90, 40, 28),
(169, '2017-02-09', 1647.40, 8, 29),
(170, '2017-02-10', 1395.48, 35, 29),
(171, '2017-02-10', 1759.89, 66, 29),
(172, '2017-02-16', 1330.22, 17, 30),
(173, '2017-02-16', 884.61, 75, 30),
(174, '2017-02-21', 971.16, 73, 30),
(175, '2017-03-01', 850.90, 17, 31),
(176, '2017-03-04', 1794.97, 47, 31),
(177, '2017-03-06', 1287.37, 12, 31),
(178, '2017-03-06', 867.61, 77, 31),
(179, '2017-03-09', 1740.68, 92, 31),
(180, '2017-03-10', 1084.55, 78, 32),
(181, '2017-03-10', 1351.97, 97, 32),
(182, '2017-03-12', 1174.07, 79, 32),
(183, '2017-03-15', 1360.33, 73, 32),
(184, '2017-03-21', 823.59, 46, 32),
(185, '2017-03-23', 732.93, 100, 32),
(186, '2017-03-24', 1369.11, 88, 33),
(187, '2017-03-26', 1284.16, 59, 33),
(188, '2017-03-30', 859.81, 54, 33),
(189, '2017-03-30', 1562.82, 13, 33),
(190, '2017-03-31', 1522.48, 45, 33),
(191, '2017-04-01', 1538.35, 78, 34),
(192, '2017-04-02', 1381.41, 82, 34),
(193, '2017-04-05', 1624.94, 29, 34),
(194, '2017-04-06', 1013.55, 4, 34),
(195, '2017-04-10', 1300.47, 41, 34),
(196, '2017-04-13', 1055.55, 75, 34),
(197, '2017-04-13', 1328.50, 86, 34),
(198, '2017-04-14', 904.23, 64, 34),
(199, '2017-04-19', 1393.72, 8, 35),
(200, '2017-04-22', 1142.46, 7, 35),
(201, '2017-04-23', 1033.32, 19, 35),
(202, '2017-04-25', 1439.62, 39, 35),
(203, '2017-04-29', 1686.47, 90, 35),
(204, '2017-04-30', 1011.79, 77, 35),
(205, '2017-05-01', 1214.20, 94, 35),
(206, '2017-05-08', 727.24, 37, 35),
(207, '2017-05-09', 1370.21, 64, 35),
(208, '2017-05-15', 1148.46, 7, 36),
(209, '2017-05-22', 1218.12, 56, 36),
(210, '2017-05-23', 1386.03, 53, 36),
(211, '2017-05-25', 893.11, 44, 36),
(212, '2017-05-25', 1375.81, 57, 36),
(213, '2017-05-26', 1183.77, 82, 37),
(214, '2017-05-29', 1018.94, 38, 37),
(215, '2017-05-31', 818.33, 86, 37),
(216, '2017-06-03', 1457.73, 10, 37),
(217, '2017-06-03', 1375.85, 31, 37),
(218, '2017-06-04', 1506.95, 44, 38),
(219, '2017-06-05', 1358.72, 37, 38),
(220, '2017-06-18', 746.49, 83, 38),
(221, '2017-06-22', 1000.08, 16, 38),
(222, '2017-06-23', 1304.97, 3, 38),
(223, '2017-06-24', 1410.47, 50, 38),
(224, '2017-06-25', 899.31, 35, 38),
(225, '2017-06-25', 1579.42, 39, 38),
(226, '2017-06-27', 1115.30, 57, 39),
(227, '2017-06-29', 1348.11, 28, 39),
(228, '2017-06-30', 739.49, 70, 39),
(229, '2017-07-02', 1283.22, 82, 39),
(230, '2017-07-03', 1124.86, 99, 40),
(231, '2017-07-05', 1604.20, 79, 40),
(232, '2017-07-06', 743.24, 5, 40),
(233, '2017-07-07', 1732.96, 95, 40),
(234, '2017-07-09', 1650.87, 47, 40),
(235, '2017-07-15', 1629.97, 9, 40),
(236, '2017-07-15', 1603.33, 48, 40),
(237, '2017-07-26', 1299.12, 41, 40),
(238, '2017-07-30', 1196.28, 12, 40),
(239, '2017-08-01', 1356.97, 64, 41),
(240, '2017-08-04', 849.46, 27, 41),
(241, '2017-08-04', 1474.24, 74, 41),
(242, '2017-08-06', 1295.36, 13, 41),
(243, '2017-08-08', 1787.68, 72, 41),
(244, '2017-08-13', 1165.54, 38, 41),
(245, '2017-08-15', 1204.02, 85, 42),
(246, '2017-08-16', 1388.87, 55, 42),
(247, '2017-08-20', 1278.10, 70, 42),
(248, '2017-08-21', 1241.53, 46, 42),
(249, '2017-08-21', 1747.97, 59, 42),
(250, '2017-08-23', 1332.02, 76, 42),
(251, '2017-08-27', 1207.97, 95, 43),
(252, '2017-08-29', 1365.87, 85, 43),
(253, '2017-08-29', 1158.47, 70, 43),
(254, '2017-08-31', 1059.42, 57, 43),
(255, '2017-09-02', 1771.96, 45, 43),
(256, '2017-09-06', 972.85, 8, 43),
(257, '2017-09-06', 1031.77, 29, 44),
(258, '2017-09-16', 1204.36, 8, 44),
(259, '2017-09-16', 1294.42, 87, 44),
(260, '2017-09-16', 1036.27, 68, 44),
(261, '2017-09-18', 890.80, 97, 45),
(262, '2017-09-20', 1267.78, 18, 45),
(263, '2017-09-21', 1440.50, 35, 45),
(264, '2017-09-22', 1021.90, 68, 45),
(265, '2017-10-09', 1616.94, 71, 45),
(266, '2017-10-13', 1002.38, 24, 45),
(267, '2017-10-14', 1662.69, 16, 45),
(268, '2017-10-18', 1220.00, 84, 45),
(269, '2017-10-23', 1426.34, 31, 45),
(270, '2017-10-31', 828.90, 18, 45),
(271, '2017-10-31', 1505.87, 51, 45),
(272, '2017-11-01', 735.60, 38, 46),
(273, '2017-11-06', 1265.94, 12, 46),
(274, '2017-11-07', 1691.93, 48, 46),
(275, '2017-11-17', 925.89, 93, 46),
(276, '2017-11-18', 1645.47, 37, 46),
(277, '2017-11-18', 1655.82, 6, 46),
(278, '2017-11-19', 1701.37, 97, 47),
(279, '2017-11-21', 1576.63, 53, 47),
(280, '2017-11-24', 1193.44, 55, 47),
(281, '2017-11-28', 1231.77, 69, 47),
(282, '2017-11-29', 852.96, 67, 47),
(283, '2017-12-01', 1048.18, 8, 47),
(284, '2017-12-01', 881.38, 88, 47),
(285, '2017-12-03', 969.31, 77, 47),
(286, '2017-12-06', 1164.76, 7, 47),
(287, '2017-12-07', 1057.74, 36, 47),
(288, '2017-12-07', 1094.79, 46, 48),
(289, '2017-12-11', 1134.58, 80, 48),
(290, '2017-12-12', 1642.42, 76, 48),
(291, '2017-12-13', 1501.46, 62, 48),
(292, '2017-12-15', 1514.27, 74, 48),
(293, '2017-12-17', 849.23, 52, 49),
(294, '2017-12-18', 1547.78, 48, 49),
(295, '2017-12-20', 866.20, 77, 49),
(296, '2017-12-20', 1740.66, 39, 49),
(297, '2017-12-22', 1500.09, 12, 50),
(298, '2017-12-24', 1188.12, 35, 50),
(299, '2017-12-30', 1504.27, 3, 50),
(300, '2017-12-30', 1664.50, 51, 50),
(361, '2018-01-02', 1519.87, 34, 501),
(362, '2018-01-05', 1242.41, 30, 501),
(363, '2018-01-08', 1402.42, 88, 501),
(364, '2018-01-11', 1686.34, 28, 501),
(365, '2018-01-15', 1291.74, 34, 501),
(366, '2018-01-16', 1640.83, 20, 501),
(367, '2018-01-18', 1378.47, 43, 502),
(368, '2018-01-21', 1512.98, 68, 502),
(369, '2018-01-22', 767.17, 69, 502),
(370, '2018-01-22', 1604.92, 59, 502),
(371, '2018-01-27', 1093.13, 46, 502),
(372, '2018-01-29', 1128.62, 68, 502),
(373, '2018-01-30', 1628.05, 3, 502),
(374, '2018-02-01', 1000.26, 54, 503),
(375, '2018-02-03', 1656.36, 71, 503),
(376, '2018-02-04', 1528.75, 24, 503),
(377, '2018-02-07', 777.66, 36, 503),
(378, '2018-02-10', 1505.48, 69, 503),
(379, '2018-02-11', 1560.13, 9, 503),
(380, '2018-02-15', 1757.84, 2, 503),
(381, '2018-02-22', 927.90, 28, 504),
(382, '2018-02-23', 1031.98, 22, 504),
(383, '2018-02-25', 1183.89, 7, 504),
(384, '2018-02-27', 1084.75, 63, 504),
(385, '2018-03-02', 1744.45, 41, 504),
(386, '2018-03-03', 1475.17, 19, 504),
(387, '2018-03-05', 750.79, 96, 505),
(388, '2018-03-05', 1361.69, 31, 505),
(389, '2018-03-11', 1223.05, 59, 505),
(390, '2018-03-16', 1338.45, 91, 505),
(391, '2018-03-16', 1763.42, 16, 505),
(392, '2018-03-17', 735.32, 43, 505),
(393, '2018-03-17', 1372.91, 8, 505),
(394, '2018-03-18', 1505.13, 13, 505),
(395, '2018-03-22', 1363.27, 84, 505),
(396, '2018-03-27', 1427.60, 58, 506),
(397, '2018-03-28', 1148.92, 74, 506),
(398, '2018-03-29', 1682.76, 9, 506),
(399, '2018-04-01', 1709.89, 78, 506),
(400, '2018-04-05', 1471.37, 97, 506),
(401, '2018-04-07', 1703.44, 4, 506),
(402, '2018-04-07', 1358.55, 88, 506),
(403, '2018-04-07', 1181.35, 26, 506),
(404, '2018-04-18', 1508.83, 63, 507),
(405, '2018-04-19', 1689.33, 59, 507),
(406, '2018-04-20', 1594.65, 81, 507),
(407, '2018-04-22', 1533.11, 26, 507),
(408, '2018-04-24', 1514.13, 48, 507),
(409, '2018-04-26', 1649.78, 99, 507),
(410, '2018-04-28', 1098.22, 86, 507),
(411, '2018-04-29', 1615.32, 58, 507),
(412, '2018-04-29', 1554.47, 68, 507),
(413, '2018-05-03', 1031.68, 67, 508),
(414, '2018-05-04', 760.23, 91, 508),
(415, '2018-05-05', 1524.70, 88, 508),
(416, '2018-05-09', 1358.65, 94, 508),
(417, '2018-05-11', 1642.61, 98, 508),
(418, '2018-05-18', 993.89, 56, 508),
(419, '2018-05-22', 1512.62, 99, 508),
(420, '2018-05-22', 1538.05, 51, 509),
(421, '2018-05-23', 725.30, 14, 509),
(422, '2018-05-23', 1246.61, 21, 509),
(423, '2018-05-26', 1528.30, 12, 509),
(424, '2018-05-27', 746.34, 90, 509),
(425, '2018-06-04', 834.98, 47, 509),
(426, '2018-06-04', 961.76, 12, 509),
(427, '2018-06-07', 1201.36, 61, 509),
(428, '2018-06-08', 1246.12, 19, 509),
(429, '2018-06-09', 953.89, 34, 509),
(430, '2018-06-11', 1288.90, 18, 510),
(431, '2018-06-12', 1346.36, 83, 510),
(432, '2018-06-13', 1352.99, 82, 510),
(433, '2018-06-14', 1301.92, 56, 510),
(434, '2018-06-14', 1017.56, 7, 510),
(435, '2018-06-18', 1502.73, 24, 510),
(436, '2018-06-19', 1535.65, 39, 510),
(437, '2018-06-25', 1416.58, 47, 510),
(438, '2018-07-01', 1579.74, 36, 511),
(439, '2018-07-04', 823.61, 30, 512),
(440, '2018-07-06', 1569.15, 29, 512),
(441, '2018-07-10', 1598.57, 3, 512),
(442, '2018-07-11', 1238.10, 33, 512),
(443, '2018-07-12', 1185.79, 69, 512),
(444, '2018-07-13', 752.06, 36, 513),
(445, '2018-07-14', 984.47, 13, 513),
(446, '2018-07-20', 1059.17, 59, 513),
(447, '2018-07-23', 1148.09, 17, 513),
(448, '2018-07-28', 817.59, 22, 513),
(449, '2018-07-29', 1357.51, 13, 514),
(450, '2018-08-01', 1018.28, 5, 514),
(451, '2018-08-06', 1769.31, 12, 514),
(452, '2018-08-06', 1549.95, 63, 514),
(453, '2018-08-07', 731.90, 40, 514),
(454, '2018-08-10', 1163.88, 12, 515),
(455, '2018-08-13', 1583.96, 34, 515),
(456, '2018-08-15', 1306.37, 65, 516),
(457, '2018-08-16', 714.78, 48, 516),
(458, '2018-08-17', 1796.85, 38, 516),
(459, '2018-08-22', 1155.33, 67, 516),
(460, '2018-08-22', 1187.96, 14, 516),
(461, '2018-08-24', 1502.32, 79, 516),
(462, '2018-08-27', 1729.61, 96, 516),
(463, '2018-08-31', 1598.96, 3, 516),
(464, '2018-09-01', 1512.83, 11, 517),
(465, '2018-09-05', 1141.63, 21, 517),
(466, '2018-09-08', 913.67, 84, 517),
(467, '2018-09-18', 955.51, 61, 517),
(468, '2018-09-20', 1161.86, 45, 517),
(469, '2018-09-22', 1423.87, 9, 517),
(470, '2018-09-24', 880.91, 20, 517),
(471, '2018-09-25', 1609.13, 57, 517),
(472, '2018-09-29', 926.73, 26, 517),
(473, '2018-09-29', 1140.72, 36, 517),
(474, '2018-10-06', 1797.05, 55, 518),
(475, '2018-10-06', 990.30, 73, 518),
(476, '2018-10-10', 1530.67, 82, 518),
(477, '2018-10-13', 1473.17, 27, 518),
(478, '2018-10-17', 1392.86, 100, 518),
(479, '2018-10-21', 1306.05, 25, 518),
(480, '2018-10-23', 896.84, 79, 519),
(481, '2018-10-24', 1746.48, 36, 519),
(482, '2018-10-24', 1163.50, 44, 519),
(483, '2018-10-25', 1268.31, 91, 520),
(484, '2018-10-26', 930.50, 53, 520),
(485, '2018-10-28', 1099.25, 73, 520),
(486, '2018-10-29', 1228.79, 63, 521),
(487, '2018-11-01', 1281.79, 87, 521),
(488, '2018-11-01', 826.14, 43, 521),
(489, '2018-11-03', 1046.53, 22, 521),
(490, '2018-11-08', 957.76, 4, 521),
(491, '2018-11-09', 1293.23, 42, 522),
(492, '2018-11-10', 1202.72, 79, 522),
(493, '2018-11-11', 1042.46, 22, 522),
(494, '2018-11-16', 1373.12, 38, 522),
(495, '2018-11-17', 1199.13, 12, 523),
(496, '2018-11-17', 702.35, 66, 523),
(497, '2018-11-21', 1556.31, 67, 523),
(498, '2018-11-23', 1517.91, 95, 523),
(499, '2018-11-24', 1143.34, 92, 523),
(500, '2018-11-24', 744.03, 56, 524),
(501, '2018-11-26', 1302.17, 2, 524),
(502, '2018-11-26', 744.93, 42, 524),
(503, '2018-11-27', 1784.44, 75, 524),
(504, '2018-11-29', 930.55, 20, 524),
(505, '2018-12-01', 1152.53, 85, 524),
(506, '2018-12-04', 1122.72, 61, 525),
(507, '2018-12-04', 1681.81, 84, 525),
(508, '2018-12-05', 753.46, 12, 525),
(509, '2018-12-05', 1002.73, 89, 525),
(510, '2018-12-11', 1424.40, 59, 525),
(511, '2018-12-14', 1547.37, 24, 526),
(512, '2018-12-18', 1583.73, 44, 526),
(513, '2018-12-22', 1008.02, 14, 526),
(514, '2019-01-05', 1281.37, 99, 526),
(515, '2019-01-06', 822.00, 10, 526),
(516, '2019-01-06', 1463.44, 77, 527),
(517, '2019-01-06', 1494.54, 98, 527),
(518, '2019-01-07', 1617.89, 34, 527),
(519, '2019-01-08', 1786.69, 72, 527),
(520, '2019-01-14', 1076.65, 3, 527),
(521, '2019-01-27', 1693.94, 50, 528),
(522, '2019-01-30', 1280.04, 74, 528),
(523, '2019-01-31', 1470.90, 42, 528),
(524, '2019-02-01', 824.94, 31, 528),
(525, '2019-02-04', 1744.13, 74, 528),
(526, '2019-02-06', 1187.25, 50, 528),
(527, '2019-02-07', 1785.75, 45, 528),
(528, '2019-02-07', 1734.90, 40, 528),
(529, '2019-02-09', 1647.40, 8, 529),
(530, '2019-02-10', 1395.48, 35, 529),
(531, '2019-02-10', 1759.89, 66, 529),
(532, '2019-02-16', 1330.22, 17, 530),
(533, '2019-02-16', 884.61, 75, 530),
(534, '2019-02-21', 971.16, 73, 530),
(535, '2019-03-01', 850.90, 17, 531),
(536, '2019-03-04', 1794.97, 47, 531),
(537, '2019-03-06', 1287.37, 12, 531),
(538, '2019-03-06', 867.61, 77, 531),
(539, '2019-03-09', 1740.68, 92, 531),
(540, '2019-03-10', 1084.55, 78, 532),
(541, '2019-03-10', 1351.97, 97, 532),
(542, '2019-03-12', 1174.07, 79, 532),
(543, '2019-03-15', 1360.33, 73, 532),
(544, '2019-03-21', 823.59, 46, 532),
(545, '2019-03-23', 732.93, 100, 532),
(546, '2019-03-24', 1369.11, 88, 533),
(547, '2019-03-26', 1284.16, 59, 533),
(548, '2019-03-30', 859.81, 54, 533),
(549, '2019-03-30', 1562.82, 13, 533),
(550, '2019-03-31', 1522.48, 45, 533),
(551, '2019-04-01', 1538.35, 78, 534),
(552, '2019-04-02', 1381.41, 82, 534),
(553, '2019-04-05', 1624.94, 29, 534),
(554, '2019-04-06', 1013.55, 4, 534),
(555, '2019-04-10', 1300.47, 41, 534),
(556, '2019-04-13', 1055.55, 75, 534),
(557, '2019-04-13', 1328.50, 86, 534),
(558, '2019-04-14', 904.23, 64, 534),
(559, '2019-04-19', 1393.72, 8, 535),
(560, '2019-04-22', 1142.46, 7, 535),
(561, '2019-04-23', 1033.32, 19, 535),
(562, '2019-04-25', 1439.62, 39, 535),
(563, '2019-04-29', 1686.47, 90, 535),
(564, '2019-04-30', 1011.79, 77, 535),
(565, '2019-05-01', 1214.20, 94, 535),
(566, '2019-05-08', 727.24, 37, 535),
(567, '2019-05-09', 1370.21, 64, 535),
(568, '2019-05-15', 1148.46, 7, 536),
(569, '2019-05-22', 1218.12, 56, 536),
(570, '2019-05-23', 1386.03, 53, 536),
(571, '2019-05-25', 893.11, 44, 536),
(572, '2019-05-25', 1375.81, 57, 536),
(573, '2019-05-26', 1183.77, 82, 537),
(574, '2019-05-29', 1018.94, 38, 537),
(575, '2019-05-31', 818.33, 86, 537),
(576, '2019-06-03', 1457.73, 10, 537),
(577, '2019-06-03', 1375.85, 31, 537),
(578, '2019-06-04', 1506.95, 44, 538),
(579, '2019-06-05', 1358.72, 37, 538),
(580, '2019-06-18', 746.49, 83, 538),
(581, '2019-06-22', 1000.08, 16, 538),
(582, '2019-06-23', 1304.97, 3, 538),
(583, '2019-06-24', 1410.47, 50, 538),
(584, '2019-06-25', 899.31, 35, 538),
(585, '2019-06-25', 1579.42, 39, 538),
(586, '2019-06-27', 1115.30, 57, 539),
(587, '2019-06-29', 1348.11, 28, 539),
(588, '2019-06-30', 739.49, 70, 539),
(589, '2019-07-02', 1283.22, 82, 539),
(590, '2019-07-03', 1124.86, 99, 540),
(591, '2019-07-05', 1604.20, 79, 540),
(592, '2019-07-06', 743.24, 5, 540),
(593, '2019-07-07', 1732.96, 95, 540),
(594, '2019-07-09', 1650.87, 47, 540),
(595, '2019-07-15', 1629.97, 9, 540),
(596, '2019-07-15', 1603.33, 48, 540),
(597, '2019-07-26', 1299.12, 41, 540),
(598, '2019-07-30', 1196.28, 12, 540),
(599, '2019-08-01', 1356.97, 64, 541),
(600, '2019-08-04', 849.46, 27, 541),
(601, '2019-08-04', 1474.24, 74, 541),
(602, '2019-08-06', 1295.36, 13, 541),
(603, '2019-08-08', 1787.68, 72, 541),
(604, '2019-08-13', 1165.54, 38, 541),
(605, '2019-08-15', 1204.02, 85, 542),
(606, '2019-08-16', 1388.87, 55, 542),
(607, '2019-08-20', 1278.10, 70, 542),
(608, '2019-08-21', 1241.53, 46, 542),
(609, '2019-08-21', 1747.97, 59, 542),
(610, '2019-08-23', 1332.02, 76, 542),
(611, '2019-08-27', 1207.97, 95, 543),
(612, '2019-08-29', 1365.87, 85, 543),
(613, '2019-08-29', 1158.47, 70, 543),
(614, '2019-08-31', 1059.42, 57, 543),
(615, '2019-09-02', 1771.96, 45, 543),
(616, '2019-09-06', 972.85, 8, 543),
(617, '2019-09-06', 1031.77, 29, 544),
(618, '2019-09-16', 1204.36, 8, 544),
(619, '2019-09-16', 1294.42, 87, 544),
(620, '2019-09-16', 1036.27, 68, 544),
(621, '2019-09-18', 890.80, 97, 545),
(622, '2019-09-20', 1267.78, 18, 545),
(623, '2019-09-21', 1440.50, 35, 545),
(624, '2019-09-22', 1021.90, 68, 545),
(625, '2019-10-09', 1616.94, 71, 545),
(626, '2019-10-13', 1002.38, 24, 545),
(627, '2019-10-14', 1662.69, 16, 545),
(628, '2019-10-18', 1220.00, 84, 545),
(629, '2019-10-23', 1426.34, 31, 545),
(630, '2019-10-31', 828.90, 18, 545),
(631, '2019-10-31', 1505.87, 51, 545),
(632, '2019-11-01', 735.60, 38, 546),
(633, '2019-11-06', 1265.94, 12, 546),
(634, '2019-11-07', 1691.93, 48, 546),
(635, '2019-11-17', 925.89, 93, 546),
(636, '2019-11-18', 1645.47, 37, 546),
(637, '2019-11-18', 1655.82, 6, 546),
(638, '2019-11-19', 1701.37, 97, 547),
(639, '2019-11-21', 1576.63, 53, 547),
(640, '2019-11-24', 1193.44, 55, 547),
(641, '2019-11-28', 1231.77, 69, 547),
(642, '2019-11-29', 852.96, 67, 547),
(643, '2019-12-01', 1048.18, 8, 547),
(644, '2019-12-01', 881.38, 88, 547),
(645, '2019-12-03', 969.31, 77, 547),
(646, '2019-12-06', 1164.76, 7, 547),
(647, '2019-12-07', 1057.74, 36, 547),
(648, '2019-12-07', 1094.79, 46, 548),
(649, '2019-12-11', 1134.58, 80, 548),
(650, '2019-12-12', 1642.42, 76, 548),
(651, '2019-12-13', 1501.46, 62, 548),
(652, '2019-12-15', 1514.27, 74, 548),
(653, '2019-12-17', 849.23, 52, 549),
(654, '2019-12-18', 1547.78, 48, 549),
(655, '2019-12-20', 866.20, 77, 549),
(656, '2019-12-20', 1740.66, 39, 549),
(657, '2019-12-22', 1500.09, 12, 550),
(658, '2019-12-24', 1188.12, 35, 550),
(659, '2019-12-30', 1504.27, 3, 550),
(660, '2019-12-30', 1664.50, 51, 550),
(1011, '2019-01-02', 1519.87, 34, 1501),
(1012, '2019-01-05', 1242.41, 30, 1501),
(1013, '2019-01-08', 1402.42, 88, 1501),
(1014, '2019-01-11', 1686.34, 28, 1501),
(1015, '2019-01-15', 1291.74, 34, 1501),
(1016, '2019-01-16', 1640.83, 20, 1501),
(1017, '2019-01-18', 1378.47, 43, 1502),
(1018, '2019-01-21', 1512.98, 68, 1502),
(1019, '2019-01-22', 767.17, 69, 1502),
(1020, '2019-01-22', 1604.92, 59, 1502),
(1021, '2019-01-27', 1093.13, 46, 1502),
(1022, '2019-01-29', 1128.62, 68, 1502),
(1023, '2019-01-30', 1628.05, 3, 1502),
(1024, '2019-02-01', 1000.26, 54, 1503),
(1025, '2019-02-03', 1656.36, 71, 1503),
(1026, '2019-02-04', 1528.75, 24, 1503),
(1027, '2019-02-07', 777.66, 36, 1503),
(1028, '2019-02-10', 1505.48, 69, 1503),
(1029, '2019-02-11', 1560.13, 9, 1503),
(1030, '2019-02-15', 1757.84, 2, 1503),
(1031, '2019-02-22', 927.90, 28, 1504),
(1032, '2019-02-23', 1031.98, 22, 1504),
(1033, '2019-02-25', 1183.89, 7, 1504),
(1034, '2019-02-27', 1084.75, 63, 1504),
(1035, '2019-03-02', 1744.45, 41, 1504),
(1036, '2019-03-03', 1475.17, 19, 1504),
(1037, '2019-03-05', 750.79, 96, 1505),
(1038, '2019-03-05', 1361.69, 31, 1505),
(1039, '2019-03-11', 1223.05, 59, 1505),
(1040, '2019-03-16', 1338.45, 91, 1505),
(1041, '2019-03-16', 1763.42, 16, 1505),
(1042, '2019-03-17', 735.32, 43, 1505),
(1043, '2019-03-17', 1372.91, 8, 1505),
(1044, '2019-03-18', 1505.13, 13, 1505),
(1045, '2019-03-22', 1363.27, 84, 1505),
(1046, '2019-03-27', 1427.60, 58, 1506),
(1047, '2019-03-28', 1148.92, 74, 1506),
(1048, '2019-03-29', 1682.76, 9, 1506),
(1049, '2019-04-01', 1709.89, 78, 1506),
(1050, '2019-04-05', 1471.37, 97, 1506),
(1051, '2019-04-07', 1703.44, 4, 1506),
(1052, '2019-04-07', 1358.55, 88, 1506),
(1053, '2019-04-07', 1181.35, 26, 1506),
(1054, '2019-04-18', 1508.83, 63, 1507),
(1055, '2019-04-19', 1689.33, 59, 1507),
(1056, '2019-04-20', 1594.65, 81, 1507),
(1057, '2019-04-22', 1533.11, 26, 1507),
(1058, '2019-04-24', 1514.13, 48, 1507),
(1059, '2019-04-26', 1649.78, 99, 1507),
(1060, '2019-04-28', 1098.22, 86, 1507),
(1061, '2019-04-29', 1615.32, 58, 1507),
(1062, '2019-04-29', 1554.47, 68, 1507),
(1063, '2019-05-03', 1031.68, 67, 1508),
(1064, '2019-05-04', 760.23, 91, 1508),
(1065, '2019-05-05', 1524.70, 88, 1508),
(1066, '2019-05-09', 1358.65, 94, 1508),
(1067, '2019-05-11', 1642.61, 98, 1508),
(1068, '2019-05-18', 993.89, 56, 1508),
(1069, '2019-05-22', 1512.62, 99, 1508),
(1070, '2019-05-22', 1538.05, 51, 1509),
(1071, '2019-05-23', 725.30, 14, 1509),
(1072, '2019-05-23', 1246.61, 21, 1509),
(1073, '2019-05-26', 1528.30, 12, 1509),
(1074, '2019-05-27', 746.34, 90, 1509),
(1075, '2019-06-04', 834.98, 47, 1509),
(1076, '2019-06-04', 961.76, 12, 1509),
(1077, '2019-06-07', 1201.36, 61, 1509),
(1078, '2019-06-08', 1246.12, 19, 1509),
(1079, '2019-06-09', 953.89, 34, 1509),
(1080, '2019-06-11', 1288.90, 18, 1510),
(1081, '2019-06-12', 1346.36, 83, 1510),
(1082, '2019-06-13', 1352.99, 82, 1510),
(1083, '2019-06-14', 1301.92, 56, 1510),
(1084, '2019-06-14', 1017.56, 7, 1510),
(1085, '2019-06-18', 1502.73, 24, 1510),
(1086, '2019-06-19', 1535.65, 39, 1510),
(1087, '2019-06-25', 1416.58, 47, 1510),
(1088, '2019-07-01', 1579.74, 36, 1511),
(1089, '2019-07-04', 823.61, 30, 1512),
(1090, '2019-07-06', 1569.15, 29, 1512),
(1091, '2019-07-10', 1598.57, 3, 1512),
(1092, '2019-07-11', 1238.10, 33, 1512),
(1093, '2019-07-12', 1185.79, 69, 1512),
(1094, '2019-07-13', 752.06, 36, 1513),
(1095, '2019-07-14', 984.47, 13, 1513),
(1096, '2019-07-20', 1059.17, 59, 1513),
(1097, '2019-07-23', 1148.09, 17, 1513),
(1098, '2019-07-28', 817.59, 22, 1513),
(1099, '2019-07-29', 1357.51, 13, 1514),
(1100, '2019-08-01', 1018.28, 5, 1514),
(1101, '2019-08-06', 1769.31, 12, 1514),
(1102, '2019-08-06', 1549.95, 63, 1514),
(1103, '2019-08-07', 731.90, 40, 1514),
(1104, '2019-08-10', 1163.88, 12, 1515),
(1105, '2019-08-13', 1583.96, 34, 1515),
(1106, '2019-08-15', 1306.37, 65, 1516),
(1107, '2019-08-16', 714.78, 48, 1516),
(1108, '2019-08-17', 1796.85, 38, 1516),
(1109, '2019-08-22', 1155.33, 67, 1516),
(1110, '2019-08-22', 1187.96, 14, 1516),
(1111, '2019-08-24', 1502.32, 79, 1516),
(1112, '2019-08-27', 1729.61, 96, 1516),
(1113, '2019-08-31', 1598.96, 3, 1516),
(1114, '2019-09-01', 1512.83, 11, 1517),
(1115, '2019-09-05', 1141.63, 21, 1517),
(1116, '2019-09-08', 913.67, 84, 1517),
(1117, '2019-09-18', 955.51, 61, 1517),
(1118, '2019-09-20', 1161.86, 45, 1517),
(1119, '2019-09-22', 1423.87, 9, 1517),
(1120, '2019-09-24', 880.91, 20, 1517),
(1121, '2019-09-25', 1609.13, 57, 1517),
(1122, '2019-09-29', 926.73, 26, 1517),
(1123, '2019-09-29', 1140.72, 36, 1517),
(1124, '2019-10-06', 1797.05, 55, 1518),
(1125, '2019-10-06', 990.30, 73, 1518),
(1126, '2019-10-10', 1530.67, 82, 1518),
(1127, '2019-10-13', 1473.17, 27, 1518),
(1128, '2019-10-17', 1392.86, 100, 1518),
(1129, '2019-10-21', 1306.05, 25, 1518),
(1130, '2019-10-23', 896.84, 79, 1519),
(1131, '2019-10-24', 1746.48, 36, 1519),
(1132, '2019-10-24', 1163.50, 44, 1519),
(1133, '2019-10-25', 1268.31, 91, 1520),
(1134, '2019-10-26', 930.50, 53, 1520),
(1135, '2019-10-28', 1099.25, 73, 1520),
(1136, '2019-10-29', 1228.79, 63, 1521),
(1137, '2019-11-01', 1281.79, 87, 1521),
(1138, '2019-11-01', 826.14, 43, 1521),
(1139, '2019-11-03', 1046.53, 22, 1521),
(1140, '2019-11-08', 957.76, 4, 1521),
(1141, '2019-11-09', 1293.23, 42, 1522),
(1142, '2019-11-10', 1202.72, 79, 1522),
(1143, '2019-11-11', 1042.46, 22, 1522),
(1144, '2019-11-16', 1373.12, 38, 1522),
(1145, '2019-11-17', 1199.13, 12, 1523),
(1146, '2019-11-17', 702.35, 66, 1523),
(1147, '2019-11-21', 1556.31, 67, 1523),
(1148, '2019-11-23', 1517.91, 95, 1523),
(1149, '2019-11-24', 1143.34, 92, 1523),
(1150, '2019-11-24', 744.03, 56, 1524),
(1151, '2019-11-26', 1302.17, 2, 1524),
(1152, '2019-11-26', 744.93, 42, 1524),
(1153, '2019-11-27', 1784.44, 75, 1524),
(1154, '2019-11-29', 930.55, 20, 1524),
(1155, '2019-12-01', 1152.53, 85, 1524),
(1156, '2019-12-04', 1122.72, 61, 1525),
(1157, '2019-12-04', 1681.81, 84, 1525),
(1158, '2019-12-05', 753.46, 12, 1525),
(1159, '2019-12-05', 1002.73, 89, 1525),
(1160, '2019-12-11', 1424.40, 59, 1525),
(1161, '2019-12-14', 1547.37, 24, 1526),
(1162, '2019-12-18', 1583.73, 44, 1526),
(1163, '2019-12-22', 1008.02, 14, 1526),
(1164, '2020-01-05', 1281.37, 99, 1526),
(1165, '2020-01-06', 822.00, 10, 1526),
(1166, '2020-01-06', 1463.44, 77, 1527),
(1167, '2020-01-06', 1494.54, 98, 1527),
(1168, '2020-01-07', 1617.89, 34, 1527),
(1169, '2020-01-08', 1786.69, 72, 1527),
(1170, '2020-01-14', 1076.65, 3, 1527),
(1171, '2020-01-27', 1693.94, 50, 1528),
(1172, '2020-01-30', 1280.04, 74, 1528),
(1173, '2020-01-31', 1470.90, 42, 1528),
(1174, '2020-02-01', 824.94, 31, 1528),
(1175, '2020-02-04', 1744.13, 74, 1528),
(1176, '2020-02-06', 1187.25, 50, 1528),
(1177, '2020-02-07', 1785.75, 45, 1528),
(1178, '2020-02-07', 1734.90, 40, 1528),
(1179, '2020-02-09', 1647.40, 8, 1529),
(1180, '2020-02-10', 1395.48, 35, 1529),
(1181, '2020-02-10', 1759.89, 66, 1529),
(1182, '2020-02-16', 1330.22, 17, 1530),
(1183, '2020-02-16', 884.61, 75, 1530),
(1184, '2020-02-21', 971.16, 73, 1530),
(1185, '2020-03-01', 850.90, 17, 1531),
(1186, '2020-03-04', 1794.97, 47, 1531),
(1187, '2020-03-06', 1287.37, 12, 1531),
(1188, '2020-03-06', 867.61, 77, 1531),
(1189, '2020-03-09', 1740.68, 92, 1531),
(1190, '2020-03-10', 1084.55, 78, 1532),
(1191, '2020-03-10', 1351.97, 97, 1532),
(1192, '2020-03-12', 1174.07, 79, 1532),
(1193, '2020-03-15', 1360.33, 73, 1532),
(1194, '2020-03-21', 823.59, 46, 1532),
(1195, '2020-03-23', 732.93, 100, 1532),
(1196, '2020-03-24', 1369.11, 88, 1533),
(1197, '2020-03-26', 1284.16, 59, 1533),
(1198, '2020-03-30', 859.81, 54, 1533),
(1199, '2020-03-30', 1562.82, 13, 1533),
(1200, '2020-03-31', 1522.48, 45, 1533),
(1201, '2020-04-01', 1538.35, 78, 1534),
(1202, '2020-04-02', 1381.41, 82, 1534),
(1203, '2020-04-05', 1624.94, 29, 1534),
(1204, '2020-04-06', 1013.55, 4, 1534),
(1205, '2020-04-10', 1300.47, 41, 1534),
(1206, '2020-04-13', 1055.55, 75, 1534),
(1207, '2020-04-13', 1328.50, 86, 1534),
(1208, '2020-04-14', 904.23, 64, 1534),
(1209, '2020-04-19', 1393.72, 8, 1535),
(1210, '2020-04-22', 1142.46, 7, 1535),
(1211, '2020-04-23', 1033.32, 19, 1535),
(1212, '2020-04-25', 1439.62, 39, 1535),
(1213, '2020-04-29', 1686.47, 90, 1535),
(1214, '2020-04-30', 1011.79, 77, 1535),
(1215, '2020-05-01', 1214.20, 94, 1535),
(1216, '2020-05-08', 727.24, 37, 1535),
(1217, '2020-05-09', 1370.21, 64, 1535),
(1218, '2020-05-15', 1148.46, 7, 1536),
(1219, '2020-05-22', 1218.12, 56, 1536),
(1220, '2020-05-23', 1386.03, 53, 1536),
(1221, '2020-05-25', 893.11, 44, 1536),
(1222, '2020-05-25', 1375.81, 57, 1536),
(1223, '2020-05-26', 1183.77, 82, 1537),
(1224, '2020-05-29', 1018.94, 38, 1537),
(1225, '2020-05-31', 818.33, 86, 1537),
(1226, '2020-06-03', 1457.73, 10, 1537),
(1227, '2020-06-03', 1375.85, 31, 1537),
(1228, '2020-06-04', 1506.95, 44, 1538),
(1229, '2020-06-05', 1358.72, 37, 1538),
(1230, '2020-06-18', 746.49, 83, 1538),
(1231, '2020-06-22', 1000.08, 16, 1538),
(1232, '2020-06-23', 1304.97, 3, 1538),
(1233, '2020-06-24', 1410.47, 50, 1538),
(1234, '2020-06-25', 899.31, 35, 1538),
(1235, '2020-06-25', 1579.42, 39, 1538),
(1236, '2020-06-27', 1115.30, 57, 1539),
(1237, '2020-06-29', 1348.11, 28, 1539),
(1238, '2020-06-30', 739.49, 70, 1539),
(1239, '2020-07-02', 1283.22, 82, 1539),
(1240, '2020-07-03', 1124.86, 99, 1540),
(1241, '2020-07-05', 1604.20, 79, 1540),
(1242, '2020-07-06', 743.24, 5, 1540),
(1243, '2020-07-07', 1732.96, 95, 1540),
(1244, '2020-07-09', 1650.87, 47, 1540),
(1245, '2020-07-15', 1629.97, 9, 1540),
(1246, '2020-07-15', 1603.33, 48, 1540),
(1247, '2020-07-26', 1299.12, 41, 1540),
(1248, '2020-07-30', 1196.28, 12, 1540),
(1249, '2020-08-01', 1356.97, 64, 1541),
(1250, '2020-08-04', 849.46, 27, 1541),
(1251, '2020-08-04', 1474.24, 74, 1541),
(1252, '2020-08-06', 1295.36, 13, 1541),
(1253, '2020-08-08', 1787.68, 72, 1541),
(1254, '2020-08-13', 1165.54, 38, 1541),
(1255, '2020-08-15', 1204.02, 85, 1542),
(1256, '2020-08-16', 1388.87, 55, 1542),
(1257, '2020-08-20', 1278.10, 70, 1542),
(1258, '2020-08-21', 1241.53, 46, 1542),
(1259, '2020-08-21', 1747.97, 59, 1542),
(1260, '2020-08-23', 1332.02, 76, 1542),
(1261, '2020-08-27', 1207.97, 95, 1543),
(1262, '2020-08-29', 1365.87, 85, 1543),
(1263, '2020-08-29', 1158.47, 70, 1543),
(1264, '2020-08-31', 1059.42, 57, 1543),
(1265, '2020-09-02', 1771.96, 45, 1543),
(1266, '2020-09-06', 972.85, 8, 1543),
(1267, '2020-09-06', 1031.77, 29, 1544),
(1268, '2020-09-16', 1204.36, 8, 1544),
(1269, '2020-09-16', 1294.42, 87, 1544),
(1270, '2020-09-16', 1036.27, 68, 1544),
(1271, '2020-09-18', 890.80, 97, 1545),
(1272, '2020-09-20', 1267.78, 18, 1545),
(1273, '2020-09-21', 1440.50, 35, 1545),
(1274, '2020-09-22', 1021.90, 68, 1545),
(1275, '2020-10-09', 1616.94, 71, 1545),
(1276, '2020-10-13', 1002.38, 24, 1545),
(1277, '2020-10-14', 1662.69, 16, 1545),
(1278, '2020-10-18', 1220.00, 84, 1545),
(1279, '2020-10-23', 1426.34, 31, 1545),
(1280, '2020-10-31', 828.90, 18, 1545),
(1281, '2020-10-31', 1505.87, 51, 1545),
(1282, '2020-11-01', 735.60, 38, 1546),
(1283, '2020-11-06', 1265.94, 12, 1546),
(1284, '2020-11-07', 1691.93, 48, 1546),
(1285, '2020-11-17', 925.89, 93, 1546),
(1286, '2020-11-18', 1645.47, 37, 1546),
(1287, '2020-11-18', 1655.82, 6, 1546),
(1288, '2020-11-19', 1701.37, 97, 1547),
(1289, '2020-11-21', 1576.63, 53, 1547),
(1290, '2020-11-24', 1193.44, 55, 1547),
(1291, '2020-11-28', 1231.77, 69, 1547),
(1292, '2020-11-29', 852.96, 67, 1547),
(1293, '2020-12-01', 1048.18, 8, 1547),
(1294, '2020-12-01', 881.38, 88, 1547),
(1295, '2020-12-03', 969.31, 77, 1547),
(1296, '2020-12-06', 1164.76, 7, 1547),
(1297, '2020-12-07', 1057.74, 36, 1547),
(1298, '2020-12-07', 1094.79, 46, 1548),
(1299, '2020-12-11', 1134.58, 80, 1548),
(1300, '2020-12-12', 1642.42, 76, 1548),
(1301, '2020-12-13', 1501.46, 62, 1548),
(1302, '2020-12-15', 1514.27, 74, 1548),
(1303, '2020-12-17', 849.23, 52, 1549),
(1304, '2020-12-18', 1547.78, 48, 1549),
(1305, '2020-12-20', 866.20, 77, 1549),
(1306, '2020-12-20', 1740.66, 39, 1549),
(1307, '2020-12-22', 1500.09, 12, 1550),
(1308, '2020-12-24', 1188.12, 35, 1550),
(1309, '2020-12-30', 1504.27, 3, 1550),
(1310, '2020-12-30', 1664.50, 51, 1550),
(1711, '2022-03-02', 1519.87, 34, 1501),
(1712, '2022-03-05', 1242.41, 30, 1501),
(1713, '2022-03-08', 1402.42, 88, 1501),
(1714, '2022-03-11', 1686.34, 28, 1501),
(1715, '2022-03-15', 1291.74, 34, 1501),
(1716, '2022-03-16', 1640.83, 20, 1501),
(1717, '2022-03-18', 1378.47, 43, 1502),
(1718, '2022-03-21', 1512.98, 68, 1502),
(1719, '2022-03-22', 767.17, 69, 1502),
(1720, '2022-03-22', 1604.92, 59, 1502),
(1721, '2022-03-27', 1093.13, 46, 1502),
(1722, '2022-03-29', 1128.62, 68, 1502),
(1723, '2022-03-30', 1628.05, 3, 1502),
(1724, '2022-04-01', 1000.26, 54, 1503),
(1725, '2022-04-03', 1656.36, 71, 1503),
(1726, '2022-04-04', 1528.75, 24, 1503),
(1727, '2022-04-07', 777.66, 36, 1503),
(1728, '2022-04-10', 1505.48, 69, 1503),
(1729, '2022-04-11', 1560.13, 9, 1503),
(1730, '2022-04-15', 1757.84, 2, 1503),
(1731, '2022-04-22', 927.90, 28, 1504),
(1732, '2022-04-23', 1031.98, 22, 1504),
(1733, '2022-04-25', 1183.89, 7, 1504),
(1734, '2022-04-27', 1084.75, 63, 1504),
(1735, '2022-05-02', 1744.45, 41, 1504),
(1736, '2022-05-03', 1475.17, 19, 1504),
(1737, '2022-05-05', 750.79, 96, 1505),
(1738, '2022-05-05', 1361.69, 31, 1505),
(1739, '2022-05-11', 1223.05, 59, 1505),
(1740, '2022-05-16', 1338.45, 91, 1505),
(1741, '2022-05-16', 1763.42, 16, 1505),
(1742, '2022-05-17', 735.32, 43, 1505),
(1743, '2022-05-17', 1372.91, 8, 1505),
(1744, '2022-05-18', 1505.13, 13, 1505),
(1745, '2022-05-22', 1363.27, 84, 1505),
(1746, '2022-05-27', 1427.60, 58, 1506),
(1747, '2022-05-28', 1148.92, 74, 1506),
(1748, '2022-05-29', 1682.76, 9, 1506),
(1749, '2022-06-01', 1709.89, 78, 1506),
(1750, '2022-06-05', 1471.37, 97, 1506),
(1751, '2022-06-07', 1703.44, 4, 1506),
(1752, '2022-06-07', 1358.55, 88, 1506),
(1753, '2022-06-07', 1181.35, 26, 1506),
(1754, '2022-06-18', 1508.83, 63, 1507),
(1755, '2022-06-19', 1689.33, 59, 1507),
(1756, '2022-06-20', 1594.65, 81, 1507),
(1757, '2022-06-22', 1533.11, 26, 1507),
(1758, '2022-06-24', 1514.13, 48, 1507),
(1759, '2022-06-26', 1649.78, 99, 1507),
(1760, '2022-06-28', 1098.22, 86, 1507),
(1761, '2022-06-29', 1615.32, 58, 1507),
(1762, '2022-06-29', 1554.47, 68, 1507),
(1763, '2022-07-03', 1031.68, 67, 1508),
(1764, '2022-07-04', 760.23, 91, 1508),
(1765, '2022-07-05', 1524.70, 88, 1508),
(1766, '2022-07-09', 1358.65, 94, 1508),
(1767, '2022-07-11', 1642.61, 98, 1508),
(1768, '2022-07-18', 993.89, 56, 1508),
(1769, '2022-07-22', 1512.62, 99, 1508),
(1770, '2022-07-22', 1538.05, 51, 1509),
(1771, '2022-07-23', 725.30, 14, 1509),
(1772, '2022-07-23', 1246.61, 21, 1509),
(1773, '2022-07-26', 1528.30, 12, 1509),
(1774, '2022-07-27', 746.34, 90, 1509),
(1775, '2022-08-04', 834.98, 47, 1509),
(1776, '2022-08-04', 961.76, 12, 1509),
(1777, '2022-08-07', 1201.36, 61, 1509),
(1778, '2022-08-08', 1246.12, 19, 1509),
(1779, '2022-08-09', 953.89, 34, 1509),
(1780, '2022-08-11', 1288.90, 18, 1510),
(1781, '2022-08-12', 1346.36, 83, 1510),
(1782, '2022-08-13', 1352.99, 82, 1510),
(1783, '2022-08-14', 1301.92, 56, 1510),
(1784, '2022-08-14', 1017.56, 7, 1510),
(1785, '2022-08-18', 1502.73, 24, 1510),
(1786, '2022-08-19', 1535.65, 39, 1510),
(1787, '2022-08-25', 1416.58, 47, 1510),
(1788, '2022-09-01', 1579.74, 36, 1511),
(1789, '2022-09-04', 823.61, 30, 1512),
(1790, '2022-09-06', 1569.15, 29, 1512),
(1791, '2022-09-10', 1598.57, 3, 1512),
(1792, '2022-09-11', 1238.10, 33, 1512),
(1793, '2022-09-12', 1185.79, 69, 1512),
(1794, '2022-09-13', 752.06, 36, 1513),
(1795, '2022-09-14', 984.47, 13, 1513),
(1796, '2022-09-20', 1059.17, 59, 1513),
(1797, '2022-09-23', 1148.09, 17, 1513),
(1798, '2022-09-28', 817.59, 22, 1513),
(1799, '2022-09-29', 1357.51, 13, 1514),
(1800, '2022-10-01', 1018.28, 5, 1514),
(1801, '2022-10-06', 1769.31, 12, 1514),
(1802, '2022-10-06', 1549.95, 63, 1514),
(1803, '2022-10-07', 731.90, 40, 1514),
(1804, '2022-10-10', 1163.88, 12, 1515),
(1805, '2022-10-13', 1583.96, 34, 1515),
(1806, '2022-10-15', 1306.37, 65, 1516),
(1807, '2022-10-16', 714.78, 48, 1516),
(1808, '2022-10-17', 1796.85, 38, 1516),
(1809, '2022-10-22', 1155.33, 67, 1516),
(1810, '2022-10-22', 1187.96, 14, 1516),
(1811, '2022-10-24', 1502.32, 79, 1516),
(1812, '2022-10-27', 1729.61, 96, 1516),
(1813, '2022-10-28', 1598.96, 3, 1516),
(1814, '2022-11-01', 1512.83, 11, 1517),
(1815, '2022-11-05', 1141.63, 21, 1517),
(1816, '2022-11-08', 913.67, 84, 1517),
(1817, '2022-11-18', 955.51, 61, 1517),
(1818, '2022-11-20', 1161.86, 45, 1517),
(1819, '2022-11-22', 1423.87, 9, 1517),
(1820, '2022-11-24', 880.91, 20, 1517),
(1821, '2022-11-25', 1609.13, 57, 1517),
(1822, '2022-11-29', 926.73, 26, 1517),
(1823, '2022-11-29', 1140.72, 36, 1517),
(1824, '2022-12-06', 1797.05, 55, 1518),
(1825, '2022-12-06', 990.30, 73, 1518),
(1826, '2022-12-10', 1530.67, 82, 1518),
(1827, '2022-12-13', 1473.17, 27, 1518),
(1828, '2022-12-17', 1392.86, 100, 1518),
(1829, '2022-12-21', 1306.05, 25, 1518),
(1830, '2022-12-23', 896.84, 79, 1519),
(1831, '2022-12-24', 1746.48, 36, 1519),
(1832, '2022-12-24', 1163.50, 44, 1519),
(1833, '2022-12-25', 1268.31, 91, 1520),
(1834, '2022-12-26', 930.50, 53, 1520),
(1835, '2022-12-28', 1099.25, 73, 1520),
(1836, '2022-12-29', 1228.79, 63, 1521),
(1837, '2022-01-01', 1281.79, 87, 1521),
(1838, '2022-01-01', 826.14, 43, 1521),
(1839, '2022-01-03', 1046.53, 22, 1521),
(1840, '2022-01-08', 957.76, 4, 1521),
(1841, '2022-01-09', 1293.23, 42, 1522),
(1842, '2022-01-10', 1202.72, 79, 1522),
(1843, '2022-01-11', 1042.46, 22, 1522),
(1844, '2022-01-16', 1373.12, 38, 1522),
(1845, '2022-01-17', 1199.13, 12, 1523),
(1846, '2022-01-17', 702.35, 66, 1523),
(1847, '2022-01-21', 1556.31, 67, 1523),
(1848, '2022-01-23', 1517.91, 95, 1523),
(1849, '2022-01-24', 1143.34, 92, 1523),
(1850, '2022-01-24', 744.03, 56, 1524),
(1851, '2022-01-26', 1302.17, 2, 1524),
(1852, '2022-01-26', 744.93, 42, 1524),
(1853, '2022-01-27', 1784.44, 75, 1524),
(1854, '2022-01-29', 930.55, 20, 1524),
(1855, '2022-02-01', 1152.53, 85, 1524),
(1856, '2022-02-04', 1122.72, 61, 1525),
(1857, '2022-02-04', 1681.81, 84, 1525),
(1858, '2022-02-05', 753.46, 12, 1525),
(1859, '2022-02-05', 1002.73, 89, 1525),
(1860, '2022-02-11', 1424.40, 59, 1525),
(1861, '2022-02-14', 1547.37, 24, 1526),
(1862, '2022-02-18', 1583.73, 44, 1526),
(1863, '2022-02-22', 1008.02, 14, 1526),
(1864, '2022-03-05', 1281.37, 99, 1526),
(1865, '2022-03-06', 822.00, 10, 1526),
(1866, '2022-03-06', 1463.44, 77, 1527),
(1867, '2022-03-06', 1494.54, 98, 1527),
(1868, '2022-03-07', 1617.89, 34, 1527),
(1869, '2022-03-08', 1786.69, 72, 1527),
(1870, '2022-03-14', 1076.65, 3, 1527),
(1871, '2022-03-27', 1693.94, 50, 1528),
(1872, '2022-03-30', 1280.04, 74, 1528),
(1873, '2022-03-31', 1470.90, 42, 1528),
(1874, '2022-04-01', 824.94, 31, 1528),
(1875, '2022-04-04', 1744.13, 74, 1528),
(1876, '2022-04-06', 1187.25, 50, 1528),
(1877, '2022-04-07', 1785.75, 45, 1528),
(1878, '2022-04-07', 1734.90, 40, 1528),
(1879, '2022-04-09', 1647.40, 8, 1529),
(1880, '2022-04-10', 1395.48, 35, 1529),
(1881, '2022-04-10', 1759.89, 66, 1529),
(1882, '2022-04-16', 1330.22, 17, 1530),
(1883, '2022-04-16', 884.61, 75, 1530),
(1884, '2022-04-21', 971.16, 73, 1530),
(1885, '2022-05-01', 850.90, 17, 1531),
(1886, '2022-05-04', 1794.97, 47, 1531),
(1887, '2022-05-06', 1287.37, 12, 1531),
(1888, '2022-05-06', 867.61, 77, 1531),
(1889, '2022-05-09', 1740.68, 92, 1531),
(1890, '2022-05-10', 1084.55, 78, 1532),
(1891, '2022-05-10', 1351.97, 97, 1532),
(1892, '2022-05-12', 1174.07, 79, 1532),
(1893, '2022-05-15', 1360.33, 73, 1532),
(1894, '2022-05-21', 823.59, 46, 1532),
(1895, '2022-05-23', 732.93, 100, 1532),
(1896, '2022-05-24', 1369.11, 88, 1533),
(1897, '2022-05-26', 1284.16, 59, 1533),
(1898, '2022-05-30', 859.81, 54, 1533),
(1899, '2022-05-30', 1562.82, 13, 1533),
(1900, '2022-05-30', 1522.48, 45, 1533),
(1901, '2022-06-01', 1538.35, 78, 1534),
(1902, '2022-06-02', 1381.41, 82, 1534),
(1903, '2022-06-05', 1624.94, 29, 1534),
(1904, '2022-06-06', 1013.55, 4, 1534),
(1905, '2022-06-10', 1300.47, 41, 1534),
(1906, '2022-06-13', 1055.55, 75, 1534),
(1907, '2022-06-13', 1328.50, 86, 1534),
(1908, '2022-06-14', 904.23, 64, 1534),
(1909, '2022-06-19', 1393.72, 8, 1535),
(1910, '2022-06-22', 1142.46, 7, 1535),
(1911, '2022-06-23', 1033.32, 19, 1535),
(1912, '2022-06-25', 1439.62, 39, 1535),
(1913, '2022-06-29', 1686.47, 90, 1535),
(1914, '2022-06-30', 1011.79, 77, 1535),
(1915, '2022-07-01', 1214.20, 94, 1535),
(1916, '2022-07-08', 727.24, 37, 1535),
(1917, '2022-07-09', 1370.21, 64, 1535),
(1918, '2022-07-15', 1148.46, 7, 1536),
(1919, '2022-07-22', 1218.12, 56, 1536),
(1920, '2022-07-23', 1386.03, 53, 1536),
(1921, '2022-07-25', 893.11, 44, 1536),
(1922, '2022-07-25', 1375.81, 57, 1536),
(1923, '2022-07-26', 1183.77, 82, 1537),
(1924, '2022-07-29', 1018.94, 38, 1537),
(1925, '2022-07-30', 818.33, 86, 1537),
(1926, '2022-08-03', 1457.73, 10, 1537),
(1927, '2022-08-03', 1375.85, 31, 1537),
(1928, '2022-08-04', 1506.95, 44, 1538),
(1929, '2022-08-05', 1358.72, 37, 1538),
(1930, '2022-08-18', 746.49, 83, 1538),
(1931, '2022-08-22', 1000.08, 16, 1538),
(1932, '2022-08-23', 1304.97, 3, 1538),
(1933, '2022-08-24', 1410.47, 50, 1538),
(1934, '2022-08-25', 899.31, 35, 1538),
(1935, '2022-08-25', 1579.42, 39, 1538),
(1936, '2022-08-27', 1115.30, 57, 1539),
(1937, '2022-08-29', 1348.11, 28, 1539),
(1938, '2022-08-30', 739.49, 70, 1539),
(1939, '2022-09-02', 1283.22, 82, 1539),
(1940, '2022-09-03', 1124.86, 99, 1540),
(1941, '2022-09-05', 1604.20, 79, 1540),
(1942, '2022-09-06', 743.24, 5, 1540),
(1943, '2022-09-07', 1732.96, 95, 1540),
(1944, '2022-09-09', 1650.87, 47, 1540),
(1945, '2022-09-15', 1629.97, 9, 1540),
(1946, '2022-09-15', 1603.33, 48, 1540),
(1947, '2022-09-26', 1299.12, 41, 1540),
(1948, '2022-09-30', 1196.28, 12, 1540),
(1949, '2022-10-01', 1356.97, 64, 1541),
(1950, '2022-10-04', 849.46, 27, 1541),
(1951, '2022-10-04', 1474.24, 74, 1541),
(1952, '2022-10-06', 1295.36, 13, 1541),
(1953, '2022-10-08', 1787.68, 72, 1541),
(1954, '2022-10-13', 1165.54, 38, 1541),
(1955, '2022-10-15', 1204.02, 85, 1542),
(1956, '2022-10-16', 1388.87, 55, 1542),
(1957, '2022-10-20', 1278.10, 70, 1542),
(1958, '2022-10-21', 1241.53, 46, 1542),
(1959, '2022-10-21', 1747.97, 59, 1542),
(1960, '2022-10-23', 1332.02, 76, 1542),
(1961, '2022-10-27', 1207.97, 95, 1543),
(1962, '2022-10-28', 1365.87, 85, 1543),
(1963, '2022-10-28', 1158.47, 70, 1543),
(1964, '2022-10-28', 1059.42, 57, 1543),
(1965, '2022-11-02', 1771.96, 45, 1543),
(1966, '2022-11-06', 972.85, 8, 1543),
(1967, '2022-11-06', 1031.77, 29, 1544),
(1968, '2022-11-16', 1204.36, 8, 1544),
(1969, '2022-11-16', 1294.42, 87, 1544),
(1970, '2022-11-16', 1036.27, 68, 1544),
(1971, '2022-11-18', 890.80, 97, 1545),
(1972, '2022-11-20', 1267.78, 18, 1545),
(1973, '2022-11-21', 1440.50, 35, 1545),
(1974, '2022-11-22', 1021.90, 68, 1545),
(1975, '2022-12-09', 1616.94, 71, 1545),
(1976, '2022-12-13', 1002.38, 24, 1545),
(1977, '2022-12-14', 1662.69, 16, 1545),
(1978, '2022-12-18', 1220.00, 84, 1545),
(1979, '2022-12-23', 1426.34, 31, 1545),
(1980, '2022-12-30', 828.90, 18, 1545),
(1981, '2022-12-30', 1505.87, 51, 1545),
(1982, '2022-01-01', 735.60, 38, 1546),
(1983, '2022-01-06', 1265.94, 12, 1546),
(1984, '2022-01-07', 1691.93, 48, 1546),
(1985, '2022-01-17', 925.89, 93, 1546),
(1986, '2022-01-18', 1645.47, 37, 1546),
(1987, '2022-01-18', 1655.82, 6, 1546),
(1988, '2022-01-19', 1701.37, 97, 1547),
(1989, '2022-01-21', 1576.63, 53, 1547),
(1990, '2022-01-24', 1193.44, 55, 1547),
(1991, '2022-01-28', 1231.77, 69, 1547),
(1992, '2022-01-29', 852.96, 67, 1547),
(1993, '2022-02-01', 1048.18, 8, 1547),
(1994, '2022-02-01', 881.38, 88, 1547),
(1995, '2022-02-03', 969.31, 77, 1547),
(1996, '2022-02-06', 1164.76, 7, 1547),
(1997, '2022-02-07', 1057.74, 36, 1547),
(1998, '2022-02-07', 1094.79, 46, 1548),
(1999, '2022-02-11', 1134.58, 80, 1548),
(2000, '2022-02-12', 1642.42, 76, 1548),
(2001, '2022-02-13', 1501.46, 62, 1548),
(2002, '2022-02-15', 1514.27, 74, 1548),
(2003, '2022-02-17', 849.23, 52, 1549),
(2004, '2022-02-18', 1547.78, 48, 1549),
(2005, '2022-02-20', 866.20, 77, 1549),
(2006, '2022-02-20', 1740.66, 39, 1549),
(2007, '2022-02-22', 1500.09, 12, 1550),
(2008, '2022-02-24', 1188.12, 35, 1550),
(2009, '2022-02-28', 1504.27, 3, 1550),
(2010, '2022-02-28', 1664.50, 51, 1550);

-- --------------------------------------------------------

--
-- Table structure for table `FP_City`
--

DROP TABLE IF EXISTS `FP_City`;
CREATE TABLE IF NOT EXISTS `FP_City` (
  `CityID` int(11) NOT NULL,
  `CityName` varchar(100) DEFAULT NULL
) ENGINE=InnoDB AUTO_INCREMENT=10 DEFAULT CHARSET=latin1;

--
-- Dumping data for table `FP_City`
--

INSERT INTO `FP_City` (`CityID`, `CityName`) VALUES
(1, 'San Francisco'),
(2, 'Los Angeles'),
(3, 'New York'),
(4, 'Chicago'),
(5, 'Houston'),
(6, 'Dallas'),
(7, 'Las Vegas'),
(8, 'Seattle'),
(9, 'Miami');

-- --------------------------------------------------------

--
-- Table structure for table `FP_Crew`
--

DROP TABLE IF EXISTS `FP_Crew`;
CREATE TABLE IF NOT EXISTS `FP_Crew` (
  `CrewID` int(11) NOT NULL,
  `CrewName` varchar(100) DEFAULT NULL,
  `CrewLicense` varchar(100) DEFAULT NULL
) ENGINE=InnoDB AUTO_INCREMENT=31 DEFAULT CHARSET=latin1;

--
-- Dumping data for table `FP_Crew`
--

INSERT INTO `FP_Crew` (`CrewID`, `CrewName`, `CrewLicense`) VALUES
(1, 'Leanna', 'C267858'),
(2, 'Rylan', 'C528526'),
(3, 'Holden', 'C212403'),
(4, 'Kara', 'C694148'),
(5, 'Haleigh', 'C937814'),
(6, 'Dameon', 'C322963'),
(7, 'Melisa', 'C368332'),
(8, 'Santos', 'C273690'),
(9, 'Shea', 'C022764'),
(10, 'Jazmin', 'C949398'),
(11, 'Isaias', 'C003936'),
(12, 'Ishmael', 'C684831'),
(13, 'Tye', 'C882549'),
(14, 'Julianna', 'C460554'),
(15, 'Alfonso', 'C019106'),
(16, 'Edmund', 'C658122'),
(17, 'Phoenix', 'C102441'),
(18, 'Nadia', 'C605009'),
(19, 'Martin', 'C439635'),
(20, 'Jamal', 'C085789'),
(21, 'River', 'C695394'),
(22, 'Jaylan', 'C760003'),
(23, 'Shirley', 'C266187'),
(24, 'Brent', 'C495869'),
(25, 'Estevan', 'C094347'),
(26, 'Layne', 'C136385'),
(27, 'Delilah', 'C217018'),
(28, 'Marian', 'C026926'),
(29, 'Katie', 'C064998'),
(30, 'Layton', 'C232527');

-- --------------------------------------------------------

--
-- Table structure for table `FP_Customer`
--

DROP TABLE IF EXISTS `FP_Customer`;
CREATE TABLE IF NOT EXISTS `FP_Customer` (
  `CustomerID` int(11) NOT NULL,
  `CustomerName` varchar(100) DEFAULT NULL
) ENGINE=InnoDB AUTO_INCREMENT=101 DEFAULT CHARSET=latin1;

--
-- Dumping data for table `FP_Customer`
--

INSERT INTO `FP_Customer` (`CustomerID`, `CustomerName`) VALUES
(1, 'Frederick'),
(2, 'Jimmy'),
(3, 'Osvaldo'),
(4, 'Russell'),
(5, 'Chandler'),
(6, 'Kent'),
(7, 'Giovanna'),
(8, 'Dorien'),
(9, 'Bill'),
(10, 'Whitney'),
(11, 'Darrian'),
(12, 'Autumn'),
(13, 'Deshawn'),
(14, 'Karyme'),
(15, 'Kerrigan'),
(16, 'Jerimiah'),
(17, 'Jamie'),
(18, 'Trayvon'),
(19, 'Kenia'),
(20, 'Jolene'),
(21, 'Imani'),
(22, 'Shaelyn'),
(23, 'Danae'),
(24, 'Albert'),
(25, 'Conner'),
(26, 'Brooklyn'),
(27, 'Gracie'),
(28, 'Janaya'),
(29, 'Cortney'),
(30, 'Maximus'),
(31, 'Myah'),
(32, 'Bruno'),
(33, 'Rey'),
(34, 'Mikaila'),
(35, 'Sebastian'),
(36, 'Caylin'),
(37, 'Daria'),
(38, 'Semaj'),
(39, 'Jarvis'),
(40, 'Kyleigh'),
(41, 'Nash'),
(42, 'Gilbert'),
(43, 'Esteban'),
(44, 'Diana'),
(45, 'Donald'),
(46, 'Rosemary'),
(47, 'Adia'),
(48, 'Michaela'),
(49, 'Destiny'),
(50, 'Kim'),
(51, 'Keyana'),
(52, 'Jaylen'),
(53, 'Anastasia'),
(54, 'Payne'),
(55, 'Shamar'),
(56, 'Georgina'),
(57, 'Cordell'),
(58, 'Jadon'),
(59, 'Doris'),
(60, 'Karl'),
(61, 'Lillian'),
(62, 'Cooper'),
(63, 'Abigayle'),
(64, 'Austyn'),
(65, 'Paris'),
(66, 'Keshawn'),
(67, 'Noa'),
(68, 'Kaia'),
(69, 'Karli'),
(70, 'Hallie'),
(71, 'Lesley'),
(72, 'Sierra'),
(73, 'Milton'),
(74, 'Ashlie'),
(75, 'Annelise'),
(76, 'Marco'),
(77, 'Glen'),
(78, 'Makenna'),
(79, 'Ammon'),
(80, 'Beau'),
(81, 'Tehya'),
(82, 'Britany'),
(83, 'Linda'),
(84, 'Darrion'),
(85, 'Rianna'),
(86, 'Brook'),
(87, 'Kaya'),
(88, 'Lyndsey'),
(89, 'Lourdes'),
(90, 'Elana'),
(91, 'Shay'),
(92, 'Jacquelin'),
(93, 'Devin'),
(94, 'Greta'),
(95, 'Jarred'),
(96, 'Tyquan'),
(97, 'Brisa'),
(98, 'Jarett'),
(99, 'Nevin'),
(100, 'Kahlil');

-- --------------------------------------------------------

--
-- Table structure for table `FP_Flight`
--

DROP TABLE IF EXISTS `FP_Flight`;
CREATE TABLE IF NOT EXISTS `FP_Flight` (
  `FlightID` int(11) NOT NULL,
  `FlightNumber` varchar(100) DEFAULT NULL,
  `DepDate` date DEFAULT NULL,
  `ArrDate` date DEFAULT NULL,
  `DepAirportID` int(11) DEFAULT NULL,
  `ArrAirportID` int(11) DEFAULT NULL,
  `Pilot1ID` int(11) DEFAULT NULL,
  `Pilot2ID` int(11) DEFAULT NULL,
  `Crew1ID` int(11) DEFAULT NULL,
  `Crew2ID` int(11) DEFAULT NULL,
  `Crew3ID` int(11) DEFAULT NULL,
  `ModelID` int(11) DEFAULT NULL,
  `AirlineID` int(11) NOT NULL
) ENGINE=InnoDB AUTO_INCREMENT=1551 DEFAULT CHARSET=latin1;

--
-- Dumping data for table `FP_Flight`
--

INSERT INTO `FP_Flight` (`FlightID`, `FlightNumber`, `DepDate`, `ArrDate`, `DepAirportID`, `ArrAirportID`, `Pilot1ID`, `Pilot2ID`, `Crew1ID`, `Crew2ID`, `Crew3ID`, `ModelID`, `AirlineID`) VALUES
(1, 'TJHMI8', '2016-02-05', '2016-02-06', 15, 3, 10, 7, 23, 29, 14, 3, 1),
(2, 'RI4MBF', '2016-02-12', '2016-02-12', 6, 12, 9, 6, 5, 7, 21, 4, 1),
(3, '0TSVPQ', '2016-02-16', '2016-02-17', 2, 15, 6, 2, 4, 3, 14, 3, 1),
(4, 'I7ELU2', '2016-03-03', '2016-03-03', 10, 13, 6, 1, 12, 21, 28, 5, 1),
(5, 'S8DAFO', '2016-04-04', '2016-04-04', 15, 10, 3, 6, 21, 26, 24, 5, 1),
(6, 'NU0NC2', '2016-04-07', '2016-04-07', 5, 11, 5, 4, 6, 15, 26, 4, 1),
(7, 'BCP0NI', '2016-05-11', '2016-05-11', 10, 4, 1, 10, 9, 22, 27, 2, 1),
(8, 'OXOZLO', '2016-05-22', '2016-05-22', 8, 13, 9, 2, 16, 30, 24, 3, 1),
(9, 'ECS2FF', '2016-07-18', '2016-07-18', 3, 5, 9, 4, 25, 18, 26, 5, 1),
(10, 'CESY4V', '2016-08-10', '2016-08-10', 7, 5, 6, 2, 5, 12, 20, 3, 1),
(11, 'SHDBGM', '2016-09-24', '2016-09-24', 9, 14, 4, 5, 26, 10, 11, 5, 1),
(12, '1HY0KF', '2016-10-21', '2016-10-21', 6, 10, 9, 8, 8, 25, 24, 4, 1),
(13, 'CD1XSW', '2016-10-31', '2016-10-31', 9, 4, 4, 5, 8, 19, 21, 4, 1),
(14, 'KZZSXI', '2016-12-03', '2016-12-03', 1, 10, 3, 10, 30, 4, 27, 3, 1),
(15, 'Y3TXJL', '2016-12-21', '2016-12-22', 14, 4, 1, 6, 24, 26, 17, 3, 1),
(16, '9F6XK1', '2017-01-06', '2017-01-06', 6, 9, 7, 4, 7, 28, 8, 1, 1),
(17, '250DHC', '2017-02-03', '2017-02-04', 15, 4, 8, 7, 30, 7, 5, 3, 1),
(18, '0C5VWL', '2017-02-05', '2017-02-05', 4, 9, 8, 4, 24, 7, 11, 1, 1),
(19, '58J6P6', '2017-02-07', '2017-02-07', 1, 4, 7, 5, 3, 14, 10, 3, 1),
(20, 'YHLO8G', '2017-03-25', '2017-03-25', 7, 10, 9, 10, 10, 13, 2, 5, 1),
(21, '7HCHP2', '2017-03-28', '2017-03-29', 1, 15, 10, 1, 30, 25, 22, 3, 1),
(22, 'D0N79M', '2017-03-31', '2017-03-31', 13, 11, 6, 2, 14, 19, 20, 3, 1),
(23, 'QNTDWK', '2017-04-01', '2017-04-01', 8, 4, 8, 1, 21, 23, 4, 2, 1),
(24, 'LFW3I7', '2017-04-07', '2017-04-07', 3, 7, 10, 6, 7, 15, 9, 2, 1),
(25, 'BJBROE', '2017-04-10', '2017-04-10', 8, 11, 1, 9, 13, 20, 30, 4, 1),
(26, 'PQ1U5R', '2017-04-16', '2017-04-16', 5, 1, 2, 9, 10, 9, 13, 3, 1),
(27, 'DUMH4B', '2017-04-29', '2017-04-30', 3, 14, 2, 6, 10, 8, 6, 3, 1),
(28, 'OK9MU8', '2017-05-09', '2017-05-09', 3, 8, 1, 7, 26, 3, 21, 3, 1),
(29, 'KOZPSA', '2017-05-16', '2017-05-16', 4, 1, 1, 6, 29, 28, 27, 3, 1),
(30, '03W26T', '2017-05-26', '2017-05-26', 7, 11, 2, 3, 30, 9, 11, 2, 1),
(31, '7P2NVW', '2017-05-28', '2017-05-28', 1, 4, 2, 9, 29, 17, 1, 1, 4),
(32, 'T351KI', '2017-05-30', '2017-05-30', 14, 6, 4, 5, 10, 8, 29, 2, 4),
(33, 'KUW247', '2017-06-06', '2017-06-06', 2, 11, 7, 3, 16, 3, 22, 1, 4),
(34, 'RP04W6', '2017-06-29', '2017-06-29', 9, 6, 8, 7, 18, 12, 27, 5, 4),
(35, '9J2YV4', '2017-07-07', '2017-07-08', 1, 12, 1, 5, 8, 17, 29, 2, 4),
(36, '6108UM', '2017-07-17', '2017-07-17', 15, 14, 10, 6, 7, 23, 18, 1, 4),
(37, 'CSDDM8', '2017-07-22', '2017-07-22', 15, 11, 7, 2, 21, 13, 9, 4, 4),
(38, '8UPLKJ', '2017-08-04', '2017-08-04', 15, 13, 3, 5, 8, 15, 30, 5, 4),
(39, 'QQ29CF', '2017-08-06', '2017-08-06', 11, 14, 9, 5, 22, 15, 26, 2, 4),
(40, 'EIN9VV', '2017-08-09', '2017-08-09', 9, 4, 8, 5, 30, 7, 15, 1, 4),
(41, '25BWVU', '2017-08-13', '2017-08-13', 5, 12, 2, 6, 23, 8, 22, 1, 4),
(42, '46Q6AG', '2017-08-29', '2017-08-29', 11, 13, 7, 8, 8, 17, 10, 4, 4),
(43, '0E9CNT', '2017-09-07', '2017-09-07', 5, 7, 7, 2, 26, 8, 17, 1, 4),
(44, '9CP47E', '2017-10-18', '2017-10-18', 6, 15, 4, 6, 4, 10, 1, 3, 4),
(45, 'WT4O68', '2017-10-31', '2017-10-31', 5, 7, 5, 2, 4, 15, 12, 2, 4),
(46, 'JS3H6A', '2017-11-27', '2017-11-27', 7, 12, 8, 5, 6, 26, 19, 3, 4),
(47, 'AWRN39', '2017-12-18', '2017-12-18', 6, 2, 3, 9, 13, 7, 8, 1, 4),
(48, 'HXX10J', '2017-12-19', '2017-12-19', 14, 4, 1, 4, 8, 29, 24, 3, 4),
(49, '53DSTJ', '2017-12-20', '2017-12-20', 9, 7, 9, 5, 2, 17, 8, 4, 4),
(50, '38UISC', '2017-12-30', '2017-12-30', 9, 4, 8, 1, 21, 17, 24, 3, 4),
(501, 'TJHMI8', '2018-02-05', '2018-02-06', 15, 3, 10, 7, 23, 29, 14, 3, 4),
(502, 'RI4MBF', '2018-02-12', '2018-02-12', 6, 12, 9, 6, 5, 7, 21, 4, 4),
(503, '0TSVPQ', '2018-02-16', '2018-02-17', 2, 15, 6, 2, 4, 3, 14, 3, 4),
(504, 'I7ELU2', '2018-03-03', '2018-03-03', 10, 13, 6, 1, 12, 21, 28, 5, 4),
(505, 'S8DAFO', '2018-04-04', '2018-04-04', 15, 10, 3, 6, 21, 26, 24, 5, 4),
(506, 'NU0NC2', '2018-04-07', '2018-04-07', 5, 11, 5, 4, 6, 15, 26, 4, 4),
(507, 'BCP0NI', '2018-05-11', '2018-05-11', 10, 4, 1, 10, 9, 22, 27, 2, 4),
(508, 'OXOZLO', '2018-05-22', '2018-05-22', 8, 13, 9, 2, 16, 30, 24, 3, 4),
(509, 'ECS2FF', '2018-07-18', '2018-07-18', 3, 5, 9, 4, 25, 18, 26, 5, 4),
(510, 'CESY4V', '2018-08-10', '2018-08-10', 7, 5, 6, 2, 5, 12, 20, 3, 4),
(511, 'SHDBGM', '2018-09-24', '2018-09-24', 9, 14, 4, 5, 26, 10, 11, 5, 4),
(512, '1HY0KF', '2018-10-21', '2018-10-21', 6, 10, 9, 8, 8, 25, 24, 4, 4),
(513, 'CD1XSW', '2018-10-31', '2018-10-31', 9, 4, 4, 5, 8, 19, 21, 4, 4),
(514, 'KZZSXI', '2018-12-03', '2018-12-03', 1, 10, 3, 10, 30, 4, 27, 3, 4),
(515, 'Y3TXJL', '2018-12-21', '2018-12-22', 14, 4, 1, 6, 24, 26, 17, 3, 4),
(516, '9F6XK1', '2019-01-06', '2019-01-06', 6, 9, 7, 4, 7, 28, 8, 1, 4),
(517, '250DHC', '2019-02-03', '2019-02-04', 15, 4, 8, 7, 30, 7, 5, 3, 4),
(518, '0C5VWL', '2019-02-05', '2019-02-05', 4, 9, 8, 4, 24, 7, 11, 1, 4),
(519, '58J6P6', '2019-02-07', '2019-02-07', 1, 4, 7, 5, 3, 14, 10, 3, 4),
(520, 'YHLO8G', '2019-03-25', '2019-03-25', 7, 10, 9, 10, 10, 13, 2, 5, 4),
(521, '7HCHP2', '2019-03-28', '2019-03-29', 1, 15, 10, 1, 30, 25, 22, 3, 2),
(522, 'D0N79M', '2019-03-31', '2019-03-31', 13, 11, 6, 2, 14, 19, 20, 3, 2),
(523, 'QNTDWK', '2019-04-01', '2019-04-01', 8, 4, 8, 1, 21, 23, 4, 2, 2),
(524, 'LFW3I7', '2019-04-07', '2019-04-07', 3, 7, 10, 6, 7, 15, 9, 2, 2),
(525, 'BJBROE', '2019-04-10', '2019-04-10', 8, 11, 1, 9, 13, 20, 30, 4, 2),
(526, 'PQ1U5R', '2019-04-16', '2019-04-16', 5, 1, 2, 9, 10, 9, 13, 3, 2),
(527, 'DUMH4B', '2019-04-29', '2019-04-30', 3, 14, 2, 6, 10, 8, 6, 3, 2),
(528, 'OK9MU8', '2019-05-09', '2019-05-09', 3, 8, 1, 7, 26, 3, 21, 3, 2),
(529, 'KOZPSA', '2019-05-16', '2019-05-16', 4, 1, 1, 6, 29, 28, 27, 3, 2),
(530, '03W26T', '2019-05-26', '2019-05-26', 7, 11, 2, 3, 30, 9, 11, 2, 2),
(531, '7P2NVW', '2019-05-28', '2019-05-28', 1, 4, 2, 9, 29, 17, 1, 1, 2),
(532, 'T351KI', '2019-05-30', '2019-05-30', 14, 6, 4, 5, 10, 8, 29, 2, 2),
(533, 'KUW247', '2019-06-06', '2019-06-06', 2, 11, 7, 3, 16, 3, 22, 1, 2),
(534, 'RP04W6', '2019-06-29', '2019-06-29', 9, 6, 8, 7, 18, 12, 27, 5, 2),
(535, '9J2YV4', '2019-07-07', '2019-07-08', 1, 12, 1, 5, 8, 17, 29, 2, 2),
(536, '6108UM', '2019-07-17', '2019-07-17', 15, 14, 10, 6, 7, 23, 18, 1, 2),
(537, 'CSDDM8', '2019-07-22', '2019-07-22', 15, 11, 7, 2, 21, 13, 9, 4, 2),
(538, '8UPLKJ', '2019-08-04', '2019-08-04', 15, 13, 3, 5, 8, 15, 30, 5, 2),
(539, 'QQ29CF', '2019-08-06', '2019-08-06', 11, 14, 9, 5, 22, 15, 26, 2, 2),
(540, 'EIN9VV', '2019-08-09', '2019-08-09', 9, 4, 8, 5, 30, 7, 15, 1, 2),
(541, '25BWVU', '2019-08-13', '2019-08-13', 5, 12, 2, 6, 23, 8, 22, 1, 2),
(542, '46Q6AG', '2019-08-29', '2019-08-29', 11, 13, 7, 8, 8, 17, 10, 4, 2),
(543, '0E9CNT', '2019-09-07', '2019-09-07', 5, 7, 7, 2, 26, 8, 17, 1, 2),
(544, '9CP47E', '2019-10-18', '2019-10-18', 6, 15, 4, 6, 4, 10, 1, 3, 2),
(545, 'WT4O68', '2019-10-31', '2019-10-31', 5, 7, 5, 2, 4, 15, 12, 2, 2),
(546, 'JS3H6A', '2019-11-27', '2019-11-27', 7, 12, 8, 5, 6, 26, 19, 3, 2),
(547, 'AWRN39', '2019-12-18', '2019-12-18', 6, 2, 3, 9, 13, 7, 8, 1, 2),
(548, 'HXX10J', '2019-12-19', '2019-12-19', 14, 4, 1, 4, 8, 29, 24, 3, 2),
(549, '53DSTJ', '2019-12-20', '2019-12-20', 9, 7, 9, 5, 2, 17, 8, 4, 2),
(550, '38UISC', '2019-12-30', '2019-12-30', 9, 4, 8, 1, 21, 17, 24, 3, 2),
(1001, 'TJHMI8', '2019-02-05', '2019-02-06', 15, 3, 10, 7, 23, 29, 14, 3, 2),
(1002, 'RI4MBF', '2019-02-12', '2019-02-12', 6, 12, 9, 6, 5, 7, 21, 4, 2),
(1003, '0TSVPQ', '2019-02-16', '2019-02-17', 2, 15, 6, 2, 4, 3, 14, 3, 2),
(1004, 'I7ELU2', '2019-03-03', '2019-03-03', 10, 13, 6, 1, 12, 21, 28, 5, 2),
(1005, 'S8DAFO', '2019-04-04', '2019-04-04', 15, 10, 3, 6, 21, 26, 24, 5, 2),
(1006, 'NU0NC2', '2019-04-07', '2019-04-07', 5, 11, 5, 4, 6, 15, 26, 4, 2),
(1007, 'BCP0NI', '2019-05-11', '2019-05-11', 10, 4, 1, 10, 9, 22, 27, 2, 2),
(1008, 'OXOZLO', '2019-05-22', '2019-05-22', 8, 13, 9, 2, 16, 30, 24, 3, 2),
(1009, 'ECS2FF', '2019-07-18', '2019-07-18', 3, 5, 9, 4, 25, 18, 26, 5, 2),
(1010, 'CESY4V', '2019-08-10', '2019-08-10', 7, 5, 6, 2, 5, 12, 20, 3, 2),
(1011, 'SHDBGM', '2019-09-24', '2019-09-24', 9, 14, 4, 5, 26, 10, 11, 5, 2),
(1012, '1HY0KF', '2019-10-21', '2019-10-21', 6, 10, 9, 8, 8, 25, 24, 4, 2),
(1013, 'CD1XSW', '2019-10-31', '2019-10-31', 9, 4, 4, 5, 8, 19, 21, 4, 2),
(1014, 'KZZSXI', '2019-12-03', '2019-12-03', 1, 10, 3, 10, 30, 4, 27, 3, 2),
(1015, 'Y3TXJL', '2019-12-21', '2019-12-22', 14, 4, 1, 6, 24, 26, 17, 3, 2),
(1016, '9F6XK1', '2020-01-06', '2020-01-06', 6, 9, 7, 4, 7, 28, 8, 1, 2),
(1017, '250DHC', '2020-02-03', '2020-02-04', 15, 4, 8, 7, 30, 7, 5, 3, 2),
(1018, '0C5VWL', '2020-02-05', '2020-02-05', 4, 9, 8, 4, 24, 7, 11, 1, 2),
(1019, '58J6P6', '2020-02-07', '2020-02-07', 1, 4, 7, 5, 3, 14, 10, 3, 2),
(1020, 'YHLO8G', '2020-03-25', '2020-03-25', 7, 10, 9, 10, 10, 13, 2, 5, 2),
(1021, '7HCHP2', '2020-03-28', '2020-03-29', 1, 15, 10, 1, 30, 25, 22, 3, 2),
(1022, 'D0N79M', '2020-03-31', '2020-03-31', 13, 11, 6, 2, 14, 19, 20, 3, 2),
(1023, 'QNTDWK', '2020-04-01', '2020-04-01', 8, 4, 8, 1, 21, 23, 4, 2, 2),
(1024, 'LFW3I7', '2020-04-07', '2020-04-07', 3, 7, 10, 6, 7, 15, 9, 2, 2),
(1025, 'BJBROE', '2020-04-10', '2020-04-10', 8, 11, 1, 9, 13, 20, 30, 4, 2),
(1026, 'PQ1U5R', '2020-04-16', '2020-04-16', 5, 1, 2, 9, 10, 9, 13, 3, 2),
(1027, 'DUMH4B', '2020-04-29', '2020-04-30', 3, 14, 2, 6, 10, 8, 6, 3, 2),
(1028, 'OK9MU8', '2020-05-09', '2020-05-09', 3, 8, 1, 7, 26, 3, 21, 3, 2),
(1029, 'KOZPSA', '2020-05-16', '2020-05-16', 4, 1, 1, 6, 29, 28, 27, 3, 2),
(1030, '03W26T', '2020-05-26', '2020-05-26', 7, 11, 2, 3, 30, 9, 11, 2, 2),
(1031, '7P2NVW', '2020-05-28', '2020-05-28', 1, 4, 2, 9, 29, 17, 1, 1, 3),
(1032, 'T351KI', '2020-05-30', '2020-05-30', 14, 6, 4, 5, 10, 8, 29, 2, 3),
(1033, 'KUW247', '2020-06-06', '2020-06-06', 2, 11, 7, 3, 16, 3, 22, 1, 3),
(1034, 'RP04W6', '2020-06-29', '2020-06-29', 9, 6, 8, 7, 18, 12, 27, 5, 3),
(1035, '9J2YV4', '2020-07-07', '2020-07-08', 1, 12, 1, 5, 8, 17, 29, 2, 3),
(1036, '6108UM', '2020-07-17', '2020-07-17', 15, 14, 10, 6, 7, 23, 18, 1, 3),
(1037, 'CSDDM8', '2020-07-22', '2020-07-22', 15, 11, 7, 2, 21, 13, 9, 4, 3),
(1038, '8UPLKJ', '2020-08-04', '2020-08-04', 15, 13, 3, 5, 8, 15, 30, 5, 3),
(1039, 'QQ29CF', '2020-08-06', '2020-08-06', 11, 14, 9, 5, 22, 15, 26, 2, 3),
(1040, 'EIN9VV', '2020-08-09', '2020-08-09', 9, 4, 8, 5, 30, 7, 15, 1, 3),
(1041, '25BWVU', '2020-08-13', '2020-08-13', 5, 12, 2, 6, 23, 8, 22, 1, 3),
(1042, '46Q6AG', '2020-08-29', '2020-08-29', 11, 13, 7, 8, 8, 17, 10, 4, 3),
(1043, '0E9CNT', '2020-09-07', '2020-09-07', 5, 7, 7, 2, 26, 8, 17, 1, 3),
(1044, '9CP47E', '2020-10-18', '2020-10-18', 6, 15, 4, 6, 4, 10, 1, 3, 3),
(1045, 'WT4O68', '2020-10-31', '2020-10-31', 5, 7, 5, 2, 4, 15, 12, 2, 3),
(1046, 'JS3H6A', '2020-11-27', '2020-11-27', 7, 12, 8, 5, 6, 26, 19, 3, 3),
(1047, 'AWRN39', '2020-12-18', '2020-12-18', 6, 2, 3, 9, 13, 7, 8, 1, 3),
(1048, 'HXX10J', '2020-12-19', '2020-12-19', 14, 4, 1, 4, 8, 29, 24, 3, 3),
(1049, '53DSTJ', '2020-12-20', '2020-12-20', 9, 7, 9, 5, 2, 17, 8, 4, 3),
(1050, '38UISC', '2020-12-30', '2020-12-30', 9, 4, 8, 1, 21, 17, 24, 3, 3),
(1501, 'TJHMI8', '2021-02-05', '2021-02-06', 15, 3, 10, 7, 23, 29, 14, 3, 3),
(1502, 'RI4MBF', '2021-02-12', '2021-02-12', 6, 12, 9, 6, 5, 7, 21, 4, 3),
(1503, '0TSVPQ', '2021-02-16', '2021-02-17', 2, 15, 6, 2, 4, 3, 14, 3, 3),
(1504, 'I7ELU2', '2021-03-03', '2021-03-03', 10, 13, 6, 1, 12, 21, 28, 5, 3),
(1505, 'S8DAFO', '2021-04-04', '2021-04-04', 15, 10, 3, 6, 21, 26, 24, 5, 3),
(1506, 'NU0NC2', '2021-04-07', '2021-04-07', 5, 11, 5, 4, 6, 15, 26, 4, 3),
(1507, 'BCP0NI', '2021-05-11', '2021-05-11', 10, 4, 1, 10, 9, 22, 27, 2, 3),
(1508, 'OXOZLO', '2021-05-22', '2021-05-22', 8, 13, 9, 2, 16, 30, 24, 3, 3),
(1509, 'ECS2FF', '2021-07-18', '2021-07-18', 3, 5, 9, 4, 25, 18, 26, 5, 3),
(1510, 'CESY4V', '2021-08-10', '2021-08-10', 7, 5, 6, 2, 5, 12, 20, 3, 3),
(1511, 'SHDBGM', '2021-09-24', '2021-09-24', 9, 14, 4, 5, 26, 10, 11, 5, 3),
(1512, '1HY0KF', '2021-10-21', '2021-10-21', 6, 10, 9, 8, 8, 25, 24, 4, 3),
(1513, 'CD1XSW', '2021-10-31', '2021-10-31', 9, 4, 4, 5, 8, 19, 21, 4, 3),
(1514, 'KZZSXI', '2021-12-03', '2021-12-03', 1, 10, 3, 10, 30, 4, 27, 3, 3),
(1515, 'Y3TXJL', '2021-12-21', '2021-12-22', 14, 4, 1, 6, 24, 26, 17, 3, 3),
(1516, '9F6XK1', '2022-01-06', '2022-01-06', 6, 9, 7, 4, 7, 28, 8, 1, 3),
(1517, '250DHC', '2022-02-03', '2022-02-04', 15, 4, 8, 7, 30, 7, 5, 3, 3),
(1518, '0C5VWL', '2022-02-05', '2022-02-05', 4, 9, 8, 4, 24, 7, 11, 1, 3),
(1519, '58J6P6', '2022-02-07', '2022-02-07', 1, 4, 7, 5, 3, 14, 10, 3, 3),
(1520, 'YHLO8G', '2022-03-25', '2022-03-25', 7, 10, 9, 10, 10, 13, 2, 5, 3),
(1521, '7HCHP2', '2022-03-28', '2022-03-29', 1, 15, 10, 1, 30, 25, 22, 3, 3),
(1522, 'D0N79M', '2022-03-31', '2022-03-31', 13, 11, 6, 2, 14, 19, 20, 3, 3),
(1523, 'QNTDWK', '2022-04-01', '2022-04-01', 8, 4, 8, 1, 21, 23, 4, 2, 3),
(1524, 'LFW3I7', '2022-04-07', '2022-04-07', 3, 7, 10, 6, 7, 15, 9, 2, 3),
(1525, 'BJBROE', '2022-04-10', '2022-04-10', 8, 11, 1, 9, 13, 20, 30, 4, 3),
(1526, 'PQ1U5R', '2022-04-16', '2022-04-16', 5, 1, 2, 9, 10, 9, 13, 3, 3),
(1527, 'DUMH4B', '2022-04-29', '2022-04-30', 3, 14, 2, 6, 10, 8, 6, 3, 3),
(1528, 'OK9MU8', '2022-05-09', '2022-05-09', 3, 8, 1, 7, 26, 3, 21, 3, 3),
(1529, 'KOZPSA', '2022-05-16', '2022-05-16', 4, 1, 1, 6, 29, 28, 27, 3, 3),
(1530, '03W26T', '2022-05-26', '2022-05-26', 7, 11, 2, 3, 30, 9, 11, 2, 3),
(1531, '7P2NVW', '2022-05-28', '2022-05-28', 1, 4, 2, 9, 29, 17, 1, 1, 3),
(1532, 'T351KI', '2022-05-30', '2022-05-30', 14, 6, 4, 5, 10, 8, 29, 2, 3),
(1533, 'KUW247', '2022-06-06', '2022-06-06', 2, 11, 7, 3, 16, 3, 22, 1, 3),
(1534, 'RP04W6', '2022-06-29', '2022-06-29', 9, 6, 8, 7, 18, 12, 27, 5, 3),
(1535, '9J2YV4', '2022-07-07', '2022-07-08', 1, 12, 1, 5, 8, 17, 29, 2, 3),
(1536, '6108UM', '2022-07-17', '2022-07-17', 15, 14, 10, 6, 7, 23, 18, 1, 3),
(1537, 'CSDDM8', '2022-07-22', '2022-07-22', 15, 11, 7, 2, 21, 13, 9, 4, 3),
(1538, '8UPLKJ', '2022-08-04', '2022-08-04', 15, 13, 3, 5, 8, 15, 30, 5, 3),
(1539, 'QQ29CF', '2022-08-06', '2022-08-06', 11, 14, 9, 5, 22, 15, 26, 2, 3),
(1540, 'EIN9VV', '2022-08-09', '2022-08-09', 9, 4, 8, 5, 30, 7, 15, 1, 3),
(1541, '25BWVU', '2022-08-13', '2022-08-13', 5, 12, 2, 6, 23, 8, 22, 1, 3),
(1542, '46Q6AG', '2022-08-29', '2022-08-29', 11, 13, 7, 8, 8, 17, 10, 4, 3),
(1543, '0E9CNT', '2022-09-07', '2022-09-07', 5, 7, 7, 2, 26, 8, 17, 1, 3),
(1544, '9CP47E', '2022-10-18', '2022-10-18', 6, 15, 4, 6, 4, 10, 1, 3, 3),
(1545, 'WT4O68', '2022-10-31', '2022-10-31', 5, 7, 5, 2, 4, 15, 12, 2, 3),
(1546, 'JS3H6A', '2022-11-27', '2022-11-27', 7, 12, 8, 5, 6, 26, 19, 3, 3),
(1547, 'AWRN39', '2022-12-18', '2022-12-18', 6, 2, 3, 9, 13, 7, 8, 1, 3),
(1548, 'HXX10J', '2022-12-19', '2022-12-19', 14, 4, 1, 4, 8, 29, 24, 3, 3),
(1549, '53DSTJ', '2022-12-20', '2022-12-20', 9, 7, 9, 5, 2, 17, 8, 4, 3),
(1550, '38UISC', '2022-12-30', '2022-12-30', 9, 4, 8, 1, 21, 17, 24, 3, 3);

-- --------------------------------------------------------

--
-- Table structure for table `FP_Model`
--

DROP TABLE IF EXISTS `FP_Model`;
CREATE TABLE IF NOT EXISTS `FP_Model` (
  `ModelID` int(11) NOT NULL,
  `ModelName` varchar(100) DEFAULT NULL
) ENGINE=InnoDB AUTO_INCREMENT=6 DEFAULT CHARSET=latin1;

--
-- Dumping data for table `FP_Model`
--

INSERT INTO `FP_Model` (`ModelID`, `ModelName`) VALUES
(1, 'Boeing737'),
(2, 'Boeing747'),
(3, 'Boeing777'),
(4, 'Airbus320'),
(5, 'Airbus380');

-- --------------------------------------------------------

--
-- Table structure for table `FP_Pilot`
--

DROP TABLE IF EXISTS `FP_Pilot`;
CREATE TABLE IF NOT EXISTS `FP_Pilot` (
  `PilotID` int(11) NOT NULL,
  `PilotName` varchar(100) DEFAULT NULL,
  `PilotLicense` varchar(100) DEFAULT NULL,
  `PilotExperience` int(11) DEFAULT NULL
) ENGINE=InnoDB AUTO_INCREMENT=11 DEFAULT CHARSET=latin1;

--
-- Dumping data for table `FP_Pilot`
--

INSERT INTO `FP_Pilot` (`PilotID`, `PilotName`, `PilotLicense`, `PilotExperience`) VALUES
(1, 'Aleigha', 'P50504446', 23),
(2, 'Cecil', 'P35060493', 30),
(3, 'Zander', 'P69543050', 25),
(4, 'Henry', 'P89234759', 21),
(5, 'Devyn', 'P12309827', 25),
(6, 'Amiyah', 'P48937565', 16),
(7, 'Camren', 'P57345984', 9),
(8, 'Kortney', 'P63094873', 11),
(9, 'Alesha', 'P23409876', 19),
(10, 'Reynaldo', 'P56784567', 7);

--
-- Indexes for dumped tables
--

--
-- Indexes for table `FP_Airlines`
--
ALTER TABLE `FP_Airlines`
  ADD PRIMARY KEY (`AirlinesID`);

--
-- Indexes for table `FP_Airport`
--
ALTER TABLE `FP_Airport`
  ADD PRIMARY KEY (`AirportID`),
  ADD KEY `CityID` (`CityID`);

--
-- Indexes for table `FP_Booking`
--
ALTER TABLE `FP_Booking`
  ADD PRIMARY KEY (`BookingID`),
  ADD KEY `CustomerID` (`CustomerID`),
  ADD KEY `FlightID` (`FlightID`);

--
-- Indexes for table `FP_City`
--
ALTER TABLE `FP_City`
  ADD PRIMARY KEY (`CityID`);

--
-- Indexes for table `FP_Crew`
--
ALTER TABLE `FP_Crew`
  ADD PRIMARY KEY (`CrewID`);

--
-- Indexes for table `FP_Customer`
--
ALTER TABLE `FP_Customer`
  ADD PRIMARY KEY (`CustomerID`);

--
-- Indexes for table `FP_Flight`
--
ALTER TABLE `FP_Flight`
  ADD PRIMARY KEY (`FlightID`),
  ADD KEY `ModelID` (`ModelID`),
  ADD KEY `Pilot1ID` (`Pilot1ID`),
  ADD KEY `Pilot2ID` (`Pilot2ID`),
  ADD KEY `Crew1ID` (`Crew1ID`),
  ADD KEY `ArrAirportID` (`ArrAirportID`),
  ADD KEY `Crew2ID` (`Crew2ID`),
  ADD KEY `Crew3ID` (`Crew3ID`),
  ADD KEY `DepAirportID` (`DepAirportID`),
  ADD KEY `airlineID` (`AirlineID`);

--
-- Indexes for table `FP_Model`
--
ALTER TABLE `FP_Model`
  ADD PRIMARY KEY (`ModelID`);

--
-- Indexes for table `FP_Pilot`
--
ALTER TABLE `FP_Pilot`
  ADD PRIMARY KEY (`PilotID`);

--
-- AUTO_INCREMENT for dumped tables
--

--
-- AUTO_INCREMENT for table `FP_Airlines`
--
ALTER TABLE `FP_Airlines`
  MODIFY `AirlinesID` int(11) NOT NULL AUTO_INCREMENT,AUTO_INCREMENT=5;
--
-- AUTO_INCREMENT for table `FP_Airport`
--
ALTER TABLE `FP_Airport`
  MODIFY `AirportID` int(11) NOT NULL AUTO_INCREMENT,AUTO_INCREMENT=16;
--
-- AUTO_INCREMENT for table `FP_Booking`
--
ALTER TABLE `FP_Booking`
  MODIFY `BookingID` int(11) NOT NULL AUTO_INCREMENT,AUTO_INCREMENT=2011;
--
-- AUTO_INCREMENT for table `FP_City`
--
ALTER TABLE `FP_City`
  MODIFY `CityID` int(11) NOT NULL AUTO_INCREMENT,AUTO_INCREMENT=10;
--
-- AUTO_INCREMENT for table `FP_Crew`
--
ALTER TABLE `FP_Crew`
  MODIFY `CrewID` int(11) NOT NULL AUTO_INCREMENT,AUTO_INCREMENT=31;
--
-- AUTO_INCREMENT for table `FP_Customer`
--
ALTER TABLE `FP_Customer`
  MODIFY `CustomerID` int(11) NOT NULL AUTO_INCREMENT,AUTO_INCREMENT=101;
--
-- AUTO_INCREMENT for table `FP_Flight`
--
ALTER TABLE `FP_Flight`
  MODIFY `FlightID` int(11) NOT NULL AUTO_INCREMENT,AUTO_INCREMENT=1551;
--
-- AUTO_INCREMENT for table `FP_Model`
--
ALTER TABLE `FP_Model`
  MODIFY `ModelID` int(11) NOT NULL AUTO_INCREMENT,AUTO_INCREMENT=6;
--
-- AUTO_INCREMENT for table `FP_Pilot`
--
ALTER TABLE `FP_Pilot`
  MODIFY `PilotID` int(11) NOT NULL AUTO_INCREMENT,AUTO_INCREMENT=11;
--
-- Constraints for dumped tables
--

--
-- Constraints for table `FP_Airport`
--
ALTER TABLE `FP_Airport`
  ADD CONSTRAINT `FP_Airport_ibfk_1` FOREIGN KEY (`CityID`) REFERENCES `FP_City` (`CityID`);

--
-- Constraints for table `FP_Booking`
--
ALTER TABLE `FP_Booking`
  ADD CONSTRAINT `FP_Booking_ibfk_1` FOREIGN KEY (`CustomerID`) REFERENCES `FP_Customer` (`CustomerID`),
  ADD CONSTRAINT `FP_Booking_ibfk_2` FOREIGN KEY (`FlightID`) REFERENCES `FP_Flight` (`FlightID`);

--
-- Constraints for table `FP_Flight`
--
ALTER TABLE `FP_Flight`
  ADD CONSTRAINT `FP_Flight_ibfk_1` FOREIGN KEY (`ModelID`) REFERENCES `FP_Model` (`ModelID`),
  ADD CONSTRAINT `FP_Flight_ibfk_2` FOREIGN KEY (`Pilot1ID`) REFERENCES `FP_Pilot` (`PilotID`),
  ADD CONSTRAINT `FP_Flight_ibfk_3` FOREIGN KEY (`Pilot2ID`) REFERENCES `FP_Pilot` (`PilotID`),
  ADD CONSTRAINT `FP_Flight_ibfk_4` FOREIGN KEY (`Crew1ID`) REFERENCES `FP_Crew` (`CrewID`),
  ADD CONSTRAINT `FP_Flight_ibfk_5` FOREIGN KEY (`ArrAirportID`) REFERENCES `FP_Airport` (`AirportID`),
  ADD CONSTRAINT `FP_Flight_ibfk_6` FOREIGN KEY (`Crew2ID`) REFERENCES `FP_Crew` (`CrewID`),
  ADD CONSTRAINT `FP_Flight_ibfk_7` FOREIGN KEY (`Crew3ID`) REFERENCES `FP_Crew` (`CrewID`),
  ADD CONSTRAINT `FP_Flight_ibfk_8` FOREIGN KEY (`DepAirportID`) REFERENCES `FP_Airport` (`AirportID`);

/*!40101 SET CHARACTER_SET_CLIENT=@OLD_CHARACTER_SET_CLIENT */;
/*!40101 SET CHARACTER_SET_RESULTS=@OLD_CHARACTER_SET_RESULTS */;
/*!40101 SET COLLATION_CONNECTION=@OLD_COLLATION_CONNECTION */;
